2025-10-28 19:29:09,293 [Worker-1: Loading available Gradle versions] INFO  o.e.b.c.i.u.g.PublishedGradleVersions - Gradle version information cache is not available. Remote download required.
2025-10-28 19:30:31,938 [Worker-22: Importing Maven projects] INFO  o.e.m.c.i.e.AbstractTransferListenerAdapter - Downloading https://repo.spring.io/snapshot/org/springframework/boot/spring-boot-starter-parent/4.0.0-SNAPSHOT/maven-metadata.xml
2025-10-28 19:30:31,955 [Worker-22: Importing Maven projects] INFO  o.e.m.c.i.e.AbstractTransferListenerAdapter - Downloaded https://repo.spring.io/snapshot/org/springframework/boot/spring-boot-starter-parent/4.0.0-SNAPSHOT/maven-metadata.xml
2025-10-28 19:30:32,134 [Worker-22: Importing Maven projects] INFO  o.e.m.c.i.e.AbstractTransferListenerAdapter - Downloading https://repo.spring.io/snapshot/org/springframework/boot/spring-boot-starter-parent/4.0.0-SNAPSHOT/spring-boot-starter-parent-4.0.0-20251028.172321-711.pom
2025-10-28 19:30:32,294 [Worker-22: Importing Maven projects] INFO  o.e.m.c.i.e.AbstractTransferListenerAdapter - Downloaded https://repo.spring.io/snapshot/org/springframework/boot/spring-boot-starter-parent/4.0.0-SNAPSHOT/spring-boot-starter-parent-4.0.0-20251028.172321-711.pom
2025-10-28 19:30:32,481 [Worker-22: Importing Maven projects] INFO  o.e.m.c.i.e.AbstractTransferListenerAdapter - Downloading https://repo.spring.io/snapshot/org/springframework/boot/spring-boot-dependencies/4.0.0-SNAPSHOT/maven-metadata.xml
2025-10-28 19:30:32,484 [Worker-22: Importing Maven projects] INFO  o.e.m.c.i.e.AbstractTransferListenerAdapter - Downloaded https://repo.spring.io/snapshot/org/springframework/boot/spring-boot-dependencies/4.0.0-SNAPSHOT/maven-metadata.xml
2025-10-28 19:30:32,656 [Worker-22: Importing Maven projects] INFO  o.e.m.c.i.e.AbstractTransferListenerAdapter - Downloading https://repo.spring.io/snapshot/org/springframework/boot/spring-boot-dependencies/4.0.0-SNAPSHOT/spring-boot-dependencies-4.0.0-20251028.172321-711.pom
2025-10-28 19:30:33,011 [Worker-22: Importing Maven projects] INFO  o.e.m.c.i.e.AbstractTransferListenerAdapter - Downloaded https://repo.spring.io/snapshot/org/springframework/boot/spring-boot-dependencies/4.0.0-SNAPSHOT/spring-boot-dependencies-4.0.0-20251028.172321-711.pom
2025-10-28 19:30:33,440 [Worker-22: Importing Maven projects] INFO  o.e.m.c.i.e.AbstractTransferListenerAdapter - Downloading https://repo.spring.io/snapshot/org/springframework/batch/spring-batch-bom/6.0.0-SNAPSHOT/maven-metadata.xml
2025-10-28 19:30:33,458 [Worker-22: Importing Maven projects] INFO  o.e.m.c.i.e.AbstractTransferListenerAdapter - Downloaded https://repo.spring.io/snapshot/org/springframework/batch/spring-batch-bom/6.0.0-SNAPSHOT/maven-metadata.xml
2025-10-28 19:30:33,647 [Worker-22: Importing Maven projects] INFO  o.e.m.c.i.e.AbstractTransferListenerAdapter - Downloading https://repo.spring.io/snapshot/org/springframework/batch/spring-batch-bom/6.0.0-SNAPSHOT/spring-batch-bom-6.0.0-20251028.192450-104.pom
2025-10-28 19:30:33,667 [Worker-22: Importing Maven projects] INFO  o.e.m.c.i.e.AbstractTransferListenerAdapter - Downloaded https://repo.spring.io/snapshot/org/springframework/batch/spring-batch-bom/6.0.0-SNAPSHOT/spring-batch-bom-6.0.0-20251028.192450-104.pom
2025-10-28 19:30:33,858 [Worker-22: Importing Maven projects] INFO  o.e.m.c.i.e.AbstractTransferListenerAdapter - Downloading https://repo.spring.io/snapshot/org/springframework/data/spring-data-bom/2025.1.0-SNAPSHOT/maven-metadata.xml
2025-10-28 19:30:33,865 [Worker-22: Importing Maven projects] INFO  o.e.m.c.i.e.AbstractTransferListenerAdapter - Downloaded https://repo.spring.io/snapshot/org/springframework/data/spring-data-bom/2025.1.0-SNAPSHOT/maven-metadata.xml
2025-10-28 19:30:34,040 [Worker-22: Importing Maven projects] INFO  o.e.m.c.i.e.AbstractTransferListenerAdapter - Downloading https://repo.spring.io/snapshot/org/springframework/data/spring-data-bom/2025.1.0-SNAPSHOT/spring-data-bom-2025.1.0-20251028.215649-1632.pom
2025-10-28 19:30:34,059 [Worker-22: Importing Maven projects] INFO  o.e.m.c.i.e.AbstractTransferListenerAdapter - Downloaded https://repo.spring.io/snapshot/org/springframework/data/spring-data-bom/2025.1.0-SNAPSHOT/spring-data-bom-2025.1.0-20251028.215649-1632.pom
2025-10-28 19:30:34,245 [Worker-22: Importing Maven projects] INFO  o.e.m.c.i.e.AbstractTransferListenerAdapter - Downloading https://repo.spring.io/snapshot/org/springframework/spring-framework-bom/7.0.0-SNAPSHOT/maven-metadata.xml
2025-10-28 19:30:34,265 [Worker-22: Importing Maven projects] INFO  o.e.m.c.i.e.AbstractTransferListenerAdapter - Downloaded https://repo.spring.io/snapshot/org/springframework/spring-framework-bom/7.0.0-SNAPSHOT/maven-metadata.xml
2025-10-28 19:30:34,445 [Worker-22: Importing Maven projects] INFO  o.e.m.c.i.e.AbstractTransferListenerAdapter - Downloading https://repo.spring.io/snapshot/org/springframework/spring-framework-bom/7.0.0-SNAPSHOT/spring-framework-bom-7.0.0-20251028.200254-1037.pom
2025-10-28 19:30:34,451 [Worker-22: Importing Maven projects] INFO  o.e.m.c.i.e.AbstractTransferListenerAdapter - Downloaded https://repo.spring.io/snapshot/org/springframework/spring-framework-bom/7.0.0-SNAPSHOT/spring-framework-bom-7.0.0-20251028.200254-1037.pom
2025-10-28 19:30:34,639 [Worker-22: Importing Maven projects] INFO  o.e.m.c.i.e.AbstractTransferListenerAdapter - Downloading https://repo.spring.io/snapshot/org/springframework/security/spring-security-bom/7.0.0-SNAPSHOT/maven-metadata.xml
2025-10-28 19:30:34,659 [Worker-22: Importing Maven projects] INFO  o.e.m.c.i.e.AbstractTransferListenerAdapter - Downloaded https://repo.spring.io/snapshot/org/springframework/security/spring-security-bom/7.0.0-SNAPSHOT/maven-metadata.xml
2025-10-28 19:30:34,837 [Worker-22: Importing Maven projects] INFO  o.e.m.c.i.e.AbstractTransferListenerAdapter - Downloading https://repo.spring.io/snapshot/org/springframework/security/spring-security-bom/7.0.0-SNAPSHOT/spring-security-bom-7.0.0-20251028.182532-516.pom
2025-10-28 19:30:34,851 [Worker-22: Importing Maven projects] INFO  o.e.m.c.i.e.AbstractTransferListenerAdapter - Downloaded https://repo.spring.io/snapshot/org/springframework/security/spring-security-bom/7.0.0-SNAPSHOT/spring-security-bom-7.0.0-20251028.182532-516.pom
2025-10-28 19:30:35,531 [Worker-22: Importing Maven projects] INFO  o.e.m.c.i.e.AbstractTransferListenerAdapter - Downloading https://repo.spring.io/snapshot/org/springframework/boot/spring-boot-maven-plugin/4.0.0-SNAPSHOT/maven-metadata.xml
2025-10-28 19:30:35,551 [Worker-22: Importing Maven projects] INFO  o.e.m.c.i.e.AbstractTransferListenerAdapter - Downloaded https://repo.spring.io/snapshot/org/springframework/boot/spring-boot-maven-plugin/4.0.0-SNAPSHOT/maven-metadata.xml
2025-10-28 19:30:35,732 [Worker-22: Importing Maven projects] INFO  o.e.m.c.i.e.AbstractTransferListenerAdapter - Downloading https://repo.spring.io/snapshot/org/springframework/boot/spring-boot-maven-plugin/4.0.0-SNAPSHOT/spring-boot-maven-plugin-4.0.0-20251028.172321-711.pom
2025-10-28 19:30:35,754 [Worker-22: Importing Maven projects] INFO  o.e.m.c.i.e.AbstractTransferListenerAdapter - Downloaded https://repo.spring.io/snapshot/org/springframework/boot/spring-boot-maven-plugin/4.0.0-SNAPSHOT/spring-boot-maven-plugin-4.0.0-20251028.172321-711.pom
2025-10-28 19:30:35,954 [Worker-22: Importing Maven projects] INFO  o.e.m.c.i.e.AbstractTransferListenerAdapter - Downloading https://repo.spring.io/snapshot/org/springframework/boot/spring-boot-maven-plugin/4.0.0-SNAPSHOT/spring-boot-maven-plugin-4.0.0-20251028.172321-711.jar
2025-10-28 19:30:36,271 [Worker-22: Importing Maven projects] INFO  o.e.m.c.i.e.AbstractTransferListenerAdapter - Downloaded https://repo.spring.io/snapshot/org/springframework/boot/spring-boot-maven-plugin/4.0.0-SNAPSHOT/spring-boot-maven-plugin-4.0.0-20251028.172321-711.jar
2025-10-28 19:30:37,368 [Worker-22: Importing Maven projects] INFO  o.e.m.c.i.l.LifecycleMappingFactory - Using org.eclipse.m2e.jdt.JarLifecycleMapping lifecycle mapping for MavenProject: br.com.hemn:backend:0.0.1-SNAPSHOT @ C:\Users\Nathan\Desktop\backend\pom.xml.
2025-10-28 19:30:37,556 [Worker-22: Importing Maven projects] INFO  o.e.m.c.i.e.AbstractTransferListenerAdapter - Downloading https://repo.spring.io/snapshot/org/springframework/boot/spring-boot-starter-data-jpa/4.0.0-SNAPSHOT/maven-metadata.xml
2025-10-28 19:30:37,575 [Worker-22: Importing Maven projects] INFO  o.e.m.c.i.e.AbstractTransferListenerAdapter - Downloaded https://repo.spring.io/snapshot/org/springframework/boot/spring-boot-starter-data-jpa/4.0.0-SNAPSHOT/maven-metadata.xml
2025-10-28 19:30:37,768 [Worker-22: Importing Maven projects] INFO  o.e.m.c.i.e.AbstractTransferListenerAdapter - Downloading https://repo.spring.io/snapshot/org/springframework/boot/spring-boot-starter-data-jpa/4.0.0-SNAPSHOT/spring-boot-starter-data-jpa-4.0.0-20251028.172321-711.pom
2025-10-28 19:30:37,785 [Worker-22: Importing Maven projects] INFO  o.e.m.c.i.e.AbstractTransferListenerAdapter - Downloaded https://repo.spring.io/snapshot/org/springframework/boot/spring-boot-starter-data-jpa/4.0.0-SNAPSHOT/spring-boot-starter-data-jpa-4.0.0-20251028.172321-711.pom
2025-10-28 19:30:37,986 [Worker-22: Importing Maven projects] INFO  o.e.m.c.i.e.AbstractTransferListenerAdapter - Downloading https://repo.spring.io/snapshot/org/springframework/boot/spring-boot-starter/4.0.0-SNAPSHOT/maven-metadata.xml
2025-10-28 19:30:37,994 [Worker-22: Importing Maven projects] INFO  o.e.m.c.i.e.AbstractTransferListenerAdapter - Downloaded https://repo.spring.io/snapshot/org/springframework/boot/spring-boot-starter/4.0.0-SNAPSHOT/maven-metadata.xml
2025-10-28 19:30:38,171 [Worker-22: Importing Maven projects] INFO  o.e.m.c.i.e.AbstractTransferListenerAdapter - Downloading https://repo.spring.io/snapshot/org/springframework/boot/spring-boot-starter/4.0.0-SNAPSHOT/spring-boot-starter-4.0.0-20251028.172321-711.pom
2025-10-28 19:30:38,187 [Worker-22: Importing Maven projects] INFO  o.e.m.c.i.e.AbstractTransferListenerAdapter - Downloaded https://repo.spring.io/snapshot/org/springframework/boot/spring-boot-starter/4.0.0-SNAPSHOT/spring-boot-starter-4.0.0-20251028.172321-711.pom
2025-10-28 19:30:38,404 [Worker-22: Importing Maven projects] INFO  o.e.m.c.i.e.AbstractTransferListenerAdapter - Downloading https://repo.spring.io/snapshot/org/springframework/boot/spring-boot-starter-logging/4.0.0-SNAPSHOT/maven-metadata.xml
2025-10-28 19:30:38,408 [Worker-22: Importing Maven projects] INFO  o.e.m.c.i.e.AbstractTransferListenerAdapter - Downloaded https://repo.spring.io/snapshot/org/springframework/boot/spring-boot-starter-logging/4.0.0-SNAPSHOT/maven-metadata.xml
2025-10-28 19:30:38,580 [Worker-22: Importing Maven projects] INFO  o.e.m.c.i.e.AbstractTransferListenerAdapter - Downloading https://repo.spring.io/snapshot/org/springframework/boot/spring-boot-starter-logging/4.0.0-SNAPSHOT/spring-boot-starter-logging-4.0.0-20251028.172321-711.pom
2025-10-28 19:30:38,584 [Worker-22: Importing Maven projects] INFO  o.e.m.c.i.e.AbstractTransferListenerAdapter - Downloaded https://repo.spring.io/snapshot/org/springframework/boot/spring-boot-starter-logging/4.0.0-SNAPSHOT/spring-boot-starter-logging-4.0.0-20251028.172321-711.pom
2025-10-28 19:30:38,840 [Worker-22: Importing Maven projects] INFO  o.e.m.c.i.e.AbstractTransferListenerAdapter - Downloading https://repo.spring.io/snapshot/org/springframework/boot/spring-boot-autoconfigure/4.0.0-SNAPSHOT/maven-metadata.xml
2025-10-28 19:30:38,849 [Worker-22: Importing Maven projects] INFO  o.e.m.c.i.e.AbstractTransferListenerAdapter - Downloaded https://repo.spring.io/snapshot/org/springframework/boot/spring-boot-autoconfigure/4.0.0-SNAPSHOT/maven-metadata.xml
2025-10-28 19:30:39,023 [Worker-22: Importing Maven projects] INFO  o.e.m.c.i.e.AbstractTransferListenerAdapter - Downloading https://repo.spring.io/snapshot/org/springframework/boot/spring-boot-autoconfigure/4.0.0-SNAPSHOT/spring-boot-autoconfigure-4.0.0-20251028.172321-711.pom
2025-10-28 19:30:39,031 [Worker-22: Importing Maven projects] INFO  o.e.m.c.i.e.AbstractTransferListenerAdapter - Downloaded https://repo.spring.io/snapshot/org/springframework/boot/spring-boot-autoconfigure/4.0.0-SNAPSHOT/spring-boot-autoconfigure-4.0.0-20251028.172321-711.pom
2025-10-28 19:30:39,212 [Worker-22: Importing Maven projects] INFO  o.e.m.c.i.e.AbstractTransferListenerAdapter - Downloading https://repo.spring.io/snapshot/org/springframework/boot/spring-boot/4.0.0-SNAPSHOT/maven-metadata.xml
2025-10-28 19:30:39,224 [Worker-22: Importing Maven projects] INFO  o.e.m.c.i.e.AbstractTransferListenerAdapter - Downloaded https://repo.spring.io/snapshot/org/springframework/boot/spring-boot/4.0.0-SNAPSHOT/maven-metadata.xml
2025-10-28 19:30:39,413 [Worker-22: Importing Maven projects] INFO  o.e.m.c.i.e.AbstractTransferListenerAdapter - Downloading https://repo.spring.io/snapshot/org/springframework/boot/spring-boot/4.0.0-SNAPSHOT/spring-boot-4.0.0-20251028.172321-711.pom
2025-10-28 19:30:39,419 [Worker-22: Importing Maven projects] INFO  o.e.m.c.i.e.AbstractTransferListenerAdapter - Downloaded https://repo.spring.io/snapshot/org/springframework/boot/spring-boot/4.0.0-SNAPSHOT/spring-boot-4.0.0-20251028.172321-711.pom
2025-10-28 19:30:39,595 [Worker-22: Importing Maven projects] INFO  o.e.m.c.i.e.AbstractTransferListenerAdapter - Downloading https://repo.spring.io/snapshot/org/springframework/spring-core/7.0.0-SNAPSHOT/maven-metadata.xml
2025-10-28 19:30:39,605 [Worker-22: Importing Maven projects] INFO  o.e.m.c.i.e.AbstractTransferListenerAdapter - Downloaded https://repo.spring.io/snapshot/org/springframework/spring-core/7.0.0-SNAPSHOT/maven-metadata.xml
2025-10-28 19:30:39,781 [Worker-22: Importing Maven projects] INFO  o.e.m.c.i.e.AbstractTransferListenerAdapter - Downloading https://repo.spring.io/snapshot/org/springframework/spring-core/7.0.0-SNAPSHOT/spring-core-7.0.0-20251028.200254-1037.pom
2025-10-28 19:30:39,793 [Worker-22: Importing Maven projects] INFO  o.e.m.c.i.e.AbstractTransferListenerAdapter - Downloaded https://repo.spring.io/snapshot/org/springframework/spring-core/7.0.0-SNAPSHOT/spring-core-7.0.0-20251028.200254-1037.pom
2025-10-28 19:30:39,990 [Worker-22: Importing Maven projects] INFO  o.e.m.c.i.e.AbstractTransferListenerAdapter - Downloading https://repo.spring.io/snapshot/org/springframework/spring-context/7.0.0-SNAPSHOT/maven-metadata.xml
2025-10-28 19:30:40,009 [Worker-22: Importing Maven projects] INFO  o.e.m.c.i.e.AbstractTransferListenerAdapter - Downloaded https://repo.spring.io/snapshot/org/springframework/spring-context/7.0.0-SNAPSHOT/maven-metadata.xml
2025-10-28 19:30:40,182 [Worker-22: Importing Maven projects] INFO  o.e.m.c.i.e.AbstractTransferListenerAdapter - Downloading https://repo.spring.io/snapshot/org/springframework/spring-context/7.0.0-SNAPSHOT/spring-context-7.0.0-20251028.200254-1037.pom
2025-10-28 19:30:40,190 [Worker-22: Importing Maven projects] INFO  o.e.m.c.i.e.AbstractTransferListenerAdapter - Downloaded https://repo.spring.io/snapshot/org/springframework/spring-context/7.0.0-SNAPSHOT/spring-context-7.0.0-20251028.200254-1037.pom
2025-10-28 19:30:40,393 [Worker-22: Importing Maven projects] INFO  o.e.m.c.i.e.AbstractTransferListenerAdapter - Downloading https://repo.spring.io/snapshot/org/springframework/spring-aop/7.0.0-SNAPSHOT/maven-metadata.xml
2025-10-28 19:30:40,398 [Worker-22: Importing Maven projects] INFO  o.e.m.c.i.e.AbstractTransferListenerAdapter - Downloaded https://repo.spring.io/snapshot/org/springframework/spring-aop/7.0.0-SNAPSHOT/maven-metadata.xml
2025-10-28 19:30:40,698 [Worker-22: Importing Maven projects] INFO  o.e.m.c.i.e.AbstractTransferListenerAdapter - Downloading https://repo.spring.io/snapshot/org/springframework/spring-aop/7.0.0-SNAPSHOT/spring-aop-7.0.0-20251028.200254-1037.pom
2025-10-28 19:30:40,712 [Worker-22: Importing Maven projects] INFO  o.e.m.c.i.e.AbstractTransferListenerAdapter - Downloaded https://repo.spring.io/snapshot/org/springframework/spring-aop/7.0.0-SNAPSHOT/spring-aop-7.0.0-20251028.200254-1037.pom
2025-10-28 19:30:40,894 [Worker-22: Importing Maven projects] INFO  o.e.m.c.i.e.AbstractTransferListenerAdapter - Downloading https://repo.spring.io/snapshot/org/springframework/spring-beans/7.0.0-SNAPSHOT/maven-metadata.xml
2025-10-28 19:30:40,902 [Worker-22: Importing Maven projects] INFO  o.e.m.c.i.e.AbstractTransferListenerAdapter - Downloaded https://repo.spring.io/snapshot/org/springframework/spring-beans/7.0.0-SNAPSHOT/maven-metadata.xml
2025-10-28 19:30:41,074 [Worker-22: Importing Maven projects] INFO  o.e.m.c.i.e.AbstractTransferListenerAdapter - Downloading https://repo.spring.io/snapshot/org/springframework/spring-beans/7.0.0-SNAPSHOT/spring-beans-7.0.0-20251028.200254-1037.pom
2025-10-28 19:30:41,086 [Worker-22: Importing Maven projects] INFO  o.e.m.c.i.e.AbstractTransferListenerAdapter - Downloaded https://repo.spring.io/snapshot/org/springframework/spring-beans/7.0.0-SNAPSHOT/spring-beans-7.0.0-20251028.200254-1037.pom
2025-10-28 19:30:41,278 [Worker-22: Importing Maven projects] INFO  o.e.m.c.i.e.AbstractTransferListenerAdapter - Downloading https://repo.spring.io/snapshot/org/springframework/spring-expression/7.0.0-SNAPSHOT/maven-metadata.xml
2025-10-28 19:30:41,292 [Worker-22: Importing Maven projects] INFO  o.e.m.c.i.e.AbstractTransferListenerAdapter - Downloaded https://repo.spring.io/snapshot/org/springframework/spring-expression/7.0.0-SNAPSHOT/maven-metadata.xml
2025-10-28 19:30:41,631 [Worker-22: Importing Maven projects] INFO  o.e.m.c.i.e.AbstractTransferListenerAdapter - Downloading https://repo.spring.io/snapshot/org/springframework/spring-expression/7.0.0-SNAPSHOT/spring-expression-7.0.0-20251028.200254-1037.pom
2025-10-28 19:30:41,649 [Worker-22: Importing Maven projects] INFO  o.e.m.c.i.e.AbstractTransferListenerAdapter - Downloaded https://repo.spring.io/snapshot/org/springframework/spring-expression/7.0.0-SNAPSHOT/spring-expression-7.0.0-20251028.200254-1037.pom
2025-10-28 19:30:41,851 [Worker-22: Importing Maven projects] INFO  o.e.m.c.i.e.AbstractTransferListenerAdapter - Downloading https://repo.spring.io/snapshot/org/springframework/boot/spring-boot-starter-jdbc/4.0.0-SNAPSHOT/maven-metadata.xml
2025-10-28 19:30:41,858 [Worker-22: Importing Maven projects] INFO  o.e.m.c.i.e.AbstractTransferListenerAdapter - Downloaded https://repo.spring.io/snapshot/org/springframework/boot/spring-boot-starter-jdbc/4.0.0-SNAPSHOT/maven-metadata.xml
2025-10-28 19:30:42,032 [Worker-22: Importing Maven projects] INFO  o.e.m.c.i.e.AbstractTransferListenerAdapter - Downloading https://repo.spring.io/snapshot/org/springframework/boot/spring-boot-starter-jdbc/4.0.0-SNAPSHOT/spring-boot-starter-jdbc-4.0.0-20251028.172321-711.pom
2025-10-28 19:30:42,051 [Worker-22: Importing Maven projects] INFO  o.e.m.c.i.e.AbstractTransferListenerAdapter - Downloaded https://repo.spring.io/snapshot/org/springframework/boot/spring-boot-starter-jdbc/4.0.0-SNAPSHOT/spring-boot-starter-jdbc-4.0.0-20251028.172321-711.pom
2025-10-28 19:30:42,235 [Worker-22: Importing Maven projects] INFO  o.e.m.c.i.e.AbstractTransferListenerAdapter - Downloading https://repo.spring.io/snapshot/org/springframework/boot/spring-boot-jdbc/4.0.0-SNAPSHOT/maven-metadata.xml
2025-10-28 19:30:42,246 [Worker-22: Importing Maven projects] INFO  o.e.m.c.i.e.AbstractTransferListenerAdapter - Downloaded https://repo.spring.io/snapshot/org/springframework/boot/spring-boot-jdbc/4.0.0-SNAPSHOT/maven-metadata.xml
2025-10-28 19:30:42,440 [Worker-22: Importing Maven projects] INFO  o.e.m.c.i.e.AbstractTransferListenerAdapter - Downloading https://repo.spring.io/snapshot/org/springframework/boot/spring-boot-jdbc/4.0.0-SNAPSHOT/spring-boot-jdbc-4.0.0-20251028.172321-532.pom
2025-10-28 19:30:42,446 [Worker-22: Importing Maven projects] INFO  o.e.m.c.i.e.AbstractTransferListenerAdapter - Downloaded https://repo.spring.io/snapshot/org/springframework/boot/spring-boot-jdbc/4.0.0-SNAPSHOT/spring-boot-jdbc-4.0.0-20251028.172321-532.pom
2025-10-28 19:30:42,622 [Worker-22: Importing Maven projects] INFO  o.e.m.c.i.e.AbstractTransferListenerAdapter - Downloading https://repo.spring.io/snapshot/org/springframework/boot/spring-boot-sql/4.0.0-SNAPSHOT/maven-metadata.xml
2025-10-28 19:30:42,626 [Worker-22: Importing Maven projects] INFO  o.e.m.c.i.e.AbstractTransferListenerAdapter - Downloaded https://repo.spring.io/snapshot/org/springframework/boot/spring-boot-sql/4.0.0-SNAPSHOT/maven-metadata.xml
2025-10-28 19:30:43,179 [Worker-22: Importing Maven projects] INFO  o.e.m.c.i.e.AbstractTransferListenerAdapter - Downloading https://repo.spring.io/snapshot/org/springframework/boot/spring-boot-sql/4.0.0-SNAPSHOT/spring-boot-sql-4.0.0-20251028.172321-481.pom
2025-10-28 19:30:43,195 [Worker-22: Importing Maven projects] INFO  o.e.m.c.i.e.AbstractTransferListenerAdapter - Downloaded https://repo.spring.io/snapshot/org/springframework/boot/spring-boot-sql/4.0.0-SNAPSHOT/spring-boot-sql-4.0.0-20251028.172321-481.pom
2025-10-28 19:30:43,380 [Worker-22: Importing Maven projects] INFO  o.e.m.c.i.e.AbstractTransferListenerAdapter - Downloading https://repo.spring.io/snapshot/org/springframework/boot/spring-boot-transaction/4.0.0-SNAPSHOT/maven-metadata.xml
2025-10-28 19:30:43,391 [Worker-22: Importing Maven projects] INFO  o.e.m.c.i.e.AbstractTransferListenerAdapter - Downloaded https://repo.spring.io/snapshot/org/springframework/boot/spring-boot-transaction/4.0.0-SNAPSHOT/maven-metadata.xml
2025-10-28 19:30:43,575 [Worker-22: Importing Maven projects] INFO  o.e.m.c.i.e.AbstractTransferListenerAdapter - Downloading https://repo.spring.io/snapshot/org/springframework/boot/spring-boot-transaction/4.0.0-SNAPSHOT/spring-boot-transaction-4.0.0-20251028.172321-77.pom
2025-10-28 19:30:43,590 [Worker-22: Importing Maven projects] INFO  o.e.m.c.i.e.AbstractTransferListenerAdapter - Downloaded https://repo.spring.io/snapshot/org/springframework/boot/spring-boot-transaction/4.0.0-SNAPSHOT/spring-boot-transaction-4.0.0-20251028.172321-77.pom
2025-10-28 19:30:43,777 [Worker-22: Importing Maven projects] INFO  o.e.m.c.i.e.AbstractTransferListenerAdapter - Downloading https://repo.spring.io/snapshot/org/springframework/boot/spring-boot-persistence/4.0.0-SNAPSHOT/maven-metadata.xml
2025-10-28 19:30:43,786 [Worker-22: Importing Maven projects] INFO  o.e.m.c.i.e.AbstractTransferListenerAdapter - Downloaded https://repo.spring.io/snapshot/org/springframework/boot/spring-boot-persistence/4.0.0-SNAPSHOT/maven-metadata.xml
2025-10-28 19:30:43,963 [Worker-22: Importing Maven projects] INFO  o.e.m.c.i.e.AbstractTransferListenerAdapter - Downloading https://repo.spring.io/snapshot/org/springframework/boot/spring-boot-persistence/4.0.0-SNAPSHOT/spring-boot-persistence-4.0.0-20251028.172321-196.pom
2025-10-28 19:30:43,969 [Worker-22: Importing Maven projects] INFO  o.e.m.c.i.e.AbstractTransferListenerAdapter - Downloaded https://repo.spring.io/snapshot/org/springframework/boot/spring-boot-persistence/4.0.0-SNAPSHOT/spring-boot-persistence-4.0.0-20251028.172321-196.pom
2025-10-28 19:30:44,142 [Worker-22: Importing Maven projects] INFO  o.e.m.c.i.e.AbstractTransferListenerAdapter - Downloading https://repo.spring.io/snapshot/org/springframework/spring-tx/7.0.0-SNAPSHOT/maven-metadata.xml
2025-10-28 19:30:44,146 [Worker-22: Importing Maven projects] INFO  o.e.m.c.i.e.AbstractTransferListenerAdapter - Downloaded https://repo.spring.io/snapshot/org/springframework/spring-tx/7.0.0-SNAPSHOT/maven-metadata.xml
2025-10-28 19:30:44,320 [Worker-22: Importing Maven projects] INFO  o.e.m.c.i.e.AbstractTransferListenerAdapter - Downloading https://repo.spring.io/snapshot/org/springframework/spring-tx/7.0.0-SNAPSHOT/spring-tx-7.0.0-20251028.200254-1037.pom
2025-10-28 19:30:44,325 [Worker-22: Importing Maven projects] INFO  o.e.m.c.i.e.AbstractTransferListenerAdapter - Downloaded https://repo.spring.io/snapshot/org/springframework/spring-tx/7.0.0-SNAPSHOT/spring-tx-7.0.0-20251028.200254-1037.pom
2025-10-28 19:30:44,501 [Worker-22: Importing Maven projects] INFO  o.e.m.c.i.e.AbstractTransferListenerAdapter - Downloading https://repo.spring.io/snapshot/org/springframework/spring-jdbc/7.0.0-SNAPSHOT/maven-metadata.xml
2025-10-28 19:30:44,505 [Worker-22: Importing Maven projects] INFO  o.e.m.c.i.e.AbstractTransferListenerAdapter - Downloaded https://repo.spring.io/snapshot/org/springframework/spring-jdbc/7.0.0-SNAPSHOT/maven-metadata.xml
2025-10-28 19:30:44,677 [Worker-22: Importing Maven projects] INFO  o.e.m.c.i.e.AbstractTransferListenerAdapter - Downloading https://repo.spring.io/snapshot/org/springframework/spring-jdbc/7.0.0-SNAPSHOT/spring-jdbc-7.0.0-20251028.200254-1037.pom
2025-10-28 19:30:44,681 [Worker-22: Importing Maven projects] INFO  o.e.m.c.i.e.AbstractTransferListenerAdapter - Downloaded https://repo.spring.io/snapshot/org/springframework/spring-jdbc/7.0.0-SNAPSHOT/spring-jdbc-7.0.0-20251028.200254-1037.pom
2025-10-28 19:30:44,862 [Worker-22: Importing Maven projects] INFO  o.e.m.c.i.e.AbstractTransferListenerAdapter - Downloading https://repo.spring.io/snapshot/org/springframework/boot/spring-boot-data-jpa/4.0.0-SNAPSHOT/maven-metadata.xml
2025-10-28 19:30:44,872 [Worker-22: Importing Maven projects] INFO  o.e.m.c.i.e.AbstractTransferListenerAdapter - Downloaded https://repo.spring.io/snapshot/org/springframework/boot/spring-boot-data-jpa/4.0.0-SNAPSHOT/maven-metadata.xml
2025-10-28 19:30:45,046 [Worker-22: Importing Maven projects] INFO  o.e.m.c.i.e.AbstractTransferListenerAdapter - Downloading https://repo.spring.io/snapshot/org/springframework/boot/spring-boot-data-jpa/4.0.0-SNAPSHOT/spring-boot-data-jpa-4.0.0-20251028.172321-518.pom
2025-10-28 19:30:45,050 [Worker-22: Importing Maven projects] INFO  o.e.m.c.i.e.AbstractTransferListenerAdapter - Downloaded https://repo.spring.io/snapshot/org/springframework/boot/spring-boot-data-jpa/4.0.0-SNAPSHOT/spring-boot-data-jpa-4.0.0-20251028.172321-518.pom
2025-10-28 19:30:45,226 [Worker-22: Importing Maven projects] INFO  o.e.m.c.i.e.AbstractTransferListenerAdapter - Downloading https://repo.spring.io/snapshot/org/springframework/boot/spring-boot-data-commons/4.0.0-SNAPSHOT/maven-metadata.xml
2025-10-28 19:30:45,237 [Worker-22: Importing Maven projects] INFO  o.e.m.c.i.e.AbstractTransferListenerAdapter - Downloaded https://repo.spring.io/snapshot/org/springframework/boot/spring-boot-data-commons/4.0.0-SNAPSHOT/maven-metadata.xml
2025-10-28 19:30:45,413 [Worker-22: Importing Maven projects] INFO  o.e.m.c.i.e.AbstractTransferListenerAdapter - Downloading https://repo.spring.io/snapshot/org/springframework/boot/spring-boot-data-commons/4.0.0-SNAPSHOT/spring-boot-data-commons-4.0.0-20251028.172321-453.pom
2025-10-28 19:30:45,419 [Worker-22: Importing Maven projects] INFO  o.e.m.c.i.e.AbstractTransferListenerAdapter - Downloaded https://repo.spring.io/snapshot/org/springframework/boot/spring-boot-data-commons/4.0.0-SNAPSHOT/spring-boot-data-commons-4.0.0-20251028.172321-453.pom
2025-10-28 19:30:45,592 [Worker-22: Importing Maven projects] INFO  o.e.m.c.i.e.AbstractTransferListenerAdapter - Downloading https://repo.spring.io/snapshot/org/springframework/data/spring-data-commons/4.0.0-SNAPSHOT/maven-metadata.xml
2025-10-28 19:30:45,600 [Worker-22: Importing Maven projects] INFO  o.e.m.c.i.e.AbstractTransferListenerAdapter - Downloaded https://repo.spring.io/snapshot/org/springframework/data/spring-data-commons/4.0.0-SNAPSHOT/maven-metadata.xml
2025-10-28 19:30:45,770 [Worker-22: Importing Maven projects] INFO  o.e.m.c.i.e.AbstractTransferListenerAdapter - Downloading https://repo.spring.io/snapshot/org/springframework/data/spring-data-commons/4.0.0-SNAPSHOT/spring-data-commons-4.0.0-20251028.192730-357.pom
2025-10-28 19:30:45,930 [Worker-22: Importing Maven projects] INFO  o.e.m.c.i.e.AbstractTransferListenerAdapter - Downloaded https://repo.spring.io/snapshot/org/springframework/data/spring-data-commons/4.0.0-SNAPSHOT/spring-data-commons-4.0.0-20251028.192730-357.pom
2025-10-28 19:30:46,108 [Worker-22: Importing Maven projects] INFO  o.e.m.c.i.e.AbstractTransferListenerAdapter - Downloading https://repo.spring.io/snapshot/org/springframework/data/build/spring-data-parent/4.0.0-SNAPSHOT/maven-metadata.xml
2025-10-28 19:30:46,124 [Worker-22: Importing Maven projects] INFO  o.e.m.c.i.e.AbstractTransferListenerAdapter - Downloaded https://repo.spring.io/snapshot/org/springframework/data/build/spring-data-parent/4.0.0-SNAPSHOT/maven-metadata.xml
2025-10-28 19:30:46,301 [Worker-22: Importing Maven projects] INFO  o.e.m.c.i.e.AbstractTransferListenerAdapter - Downloading https://repo.spring.io/snapshot/org/springframework/data/build/spring-data-parent/4.0.0-SNAPSHOT/spring-data-parent-4.0.0-20251028.192231-442.pom
2025-10-28 19:30:46,469 [Worker-22: Importing Maven projects] INFO  o.e.m.c.i.e.AbstractTransferListenerAdapter - Downloaded https://repo.spring.io/snapshot/org/springframework/data/build/spring-data-parent/4.0.0-SNAPSHOT/spring-data-parent-4.0.0-20251028.192231-442.pom
2025-10-28 19:30:46,653 [Worker-22: Importing Maven projects] INFO  o.e.m.c.i.e.AbstractTransferListenerAdapter - Downloading https://repo.spring.io/snapshot/org/springframework/data/build/spring-data-build/4.0.0-SNAPSHOT/maven-metadata.xml
2025-10-28 19:30:46,671 [Worker-22: Importing Maven projects] INFO  o.e.m.c.i.e.AbstractTransferListenerAdapter - Downloaded https://repo.spring.io/snapshot/org/springframework/data/build/spring-data-build/4.0.0-SNAPSHOT/maven-metadata.xml
2025-10-28 19:30:46,847 [Worker-22: Importing Maven projects] INFO  o.e.m.c.i.e.AbstractTransferListenerAdapter - Downloading https://repo.spring.io/snapshot/org/springframework/data/build/spring-data-build/4.0.0-SNAPSHOT/spring-data-build-4.0.0-20251028.192231-442.pom
2025-10-28 19:30:46,852 [Worker-22: Importing Maven projects] INFO  o.e.m.c.i.e.AbstractTransferListenerAdapter - Downloaded https://repo.spring.io/snapshot/org/springframework/data/build/spring-data-build/4.0.0-SNAPSHOT/spring-data-build-4.0.0-20251028.192231-442.pom
2025-10-28 19:30:47,057 [Worker-22: Importing Maven projects] INFO  o.e.m.c.i.e.AbstractTransferListenerAdapter - Downloading https://repo.spring.io/snapshot/org/springframework/boot/spring-boot-hibernate/4.0.0-SNAPSHOT/maven-metadata.xml
2025-10-28 19:30:47,068 [Worker-22: Importing Maven projects] INFO  o.e.m.c.i.e.AbstractTransferListenerAdapter - Downloaded https://repo.spring.io/snapshot/org/springframework/boot/spring-boot-hibernate/4.0.0-SNAPSHOT/maven-metadata.xml
2025-10-28 19:30:47,251 [Worker-22: Importing Maven projects] INFO  o.e.m.c.i.e.AbstractTransferListenerAdapter - Downloading https://repo.spring.io/snapshot/org/springframework/boot/spring-boot-hibernate/4.0.0-SNAPSHOT/spring-boot-hibernate-4.0.0-20251028.172321-453.pom
2025-10-28 19:30:47,255 [Worker-22: Importing Maven projects] INFO  o.e.m.c.i.e.AbstractTransferListenerAdapter - Downloaded https://repo.spring.io/snapshot/org/springframework/boot/spring-boot-hibernate/4.0.0-SNAPSHOT/spring-boot-hibernate-4.0.0-20251028.172321-453.pom
2025-10-28 19:30:47,437 [Worker-22: Importing Maven projects] INFO  o.e.m.c.i.e.AbstractTransferListenerAdapter - Downloading https://repo.spring.io/snapshot/org/springframework/boot/spring-boot-jpa/4.0.0-SNAPSHOT/maven-metadata.xml
2025-10-28 19:30:47,455 [Worker-22: Importing Maven projects] INFO  o.e.m.c.i.e.AbstractTransferListenerAdapter - Downloaded https://repo.spring.io/snapshot/org/springframework/boot/spring-boot-jpa/4.0.0-SNAPSHOT/maven-metadata.xml
2025-10-28 19:30:47,633 [Worker-22: Importing Maven projects] INFO  o.e.m.c.i.e.AbstractTransferListenerAdapter - Downloading https://repo.spring.io/snapshot/org/springframework/boot/spring-boot-jpa/4.0.0-SNAPSHOT/spring-boot-jpa-4.0.0-20251028.172321-518.pom
2025-10-28 19:30:47,647 [Worker-22: Importing Maven projects] INFO  o.e.m.c.i.e.AbstractTransferListenerAdapter - Downloaded https://repo.spring.io/snapshot/org/springframework/boot/spring-boot-jpa/4.0.0-SNAPSHOT/spring-boot-jpa-4.0.0-20251028.172321-518.pom
2025-10-28 19:30:47,837 [Worker-22: Importing Maven projects] INFO  o.e.m.c.i.e.AbstractTransferListenerAdapter - Downloading https://repo.spring.io/snapshot/org/springframework/spring-orm/7.0.0-SNAPSHOT/maven-metadata.xml
2025-10-28 19:30:47,849 [Worker-22: Importing Maven projects] INFO  o.e.m.c.i.e.AbstractTransferListenerAdapter - Downloaded https://repo.spring.io/snapshot/org/springframework/spring-orm/7.0.0-SNAPSHOT/maven-metadata.xml
2025-10-28 19:30:48,033 [Worker-22: Importing Maven projects] INFO  o.e.m.c.i.e.AbstractTransferListenerAdapter - Downloading https://repo.spring.io/snapshot/org/springframework/spring-orm/7.0.0-SNAPSHOT/spring-orm-7.0.0-20251028.200254-1037.pom
2025-10-28 19:30:48,037 [Worker-22: Importing Maven projects] INFO  o.e.m.c.i.e.AbstractTransferListenerAdapter - Downloaded https://repo.spring.io/snapshot/org/springframework/spring-orm/7.0.0-SNAPSHOT/spring-orm-7.0.0-20251028.200254-1037.pom
2025-10-28 19:30:48,325 [Worker-22: Importing Maven projects] INFO  o.e.m.c.i.e.AbstractTransferListenerAdapter - Downloading https://repo.spring.io/snapshot/org/springframework/data/spring-data-jpa/4.0.0-SNAPSHOT/maven-metadata.xml
2025-10-28 19:30:48,331 [Worker-22: Importing Maven projects] INFO  o.e.m.c.i.e.AbstractTransferListenerAdapter - Downloaded https://repo.spring.io/snapshot/org/springframework/data/spring-data-jpa/4.0.0-SNAPSHOT/maven-metadata.xml
2025-10-28 19:30:48,507 [Worker-22: Importing Maven projects] INFO  o.e.m.c.i.e.AbstractTransferListenerAdapter - Downloading https://repo.spring.io/snapshot/org/springframework/data/spring-data-jpa/4.0.0-SNAPSHOT/spring-data-jpa-4.0.0-20251028.195157-456.pom
2025-10-28 19:30:48,515 [Worker-22: Importing Maven projects] INFO  o.e.m.c.i.e.AbstractTransferListenerAdapter - Downloaded https://repo.spring.io/snapshot/org/springframework/data/spring-data-jpa/4.0.0-SNAPSHOT/spring-data-jpa-4.0.0-20251028.195157-456.pom
2025-10-28 19:30:48,698 [Worker-22: Importing Maven projects] INFO  o.e.m.c.i.e.AbstractTransferListenerAdapter - Downloading https://repo.spring.io/snapshot/org/springframework/data/spring-data-jpa-parent/4.0.0-SNAPSHOT/maven-metadata.xml
2025-10-28 19:30:48,703 [Worker-22: Importing Maven projects] INFO  o.e.m.c.i.e.AbstractTransferListenerAdapter - Downloaded https://repo.spring.io/snapshot/org/springframework/data/spring-data-jpa-parent/4.0.0-SNAPSHOT/maven-metadata.xml
2025-10-28 19:30:48,870 [Worker-22: Importing Maven projects] INFO  o.e.m.c.i.e.AbstractTransferListenerAdapter - Downloading https://repo.spring.io/snapshot/org/springframework/data/spring-data-jpa-parent/4.0.0-SNAPSHOT/spring-data-jpa-parent-4.0.0-20251028.195157-456.pom
2025-10-28 19:30:48,880 [Worker-22: Importing Maven projects] INFO  o.e.m.c.i.e.AbstractTransferListenerAdapter - Downloaded https://repo.spring.io/snapshot/org/springframework/data/spring-data-jpa-parent/4.0.0-SNAPSHOT/spring-data-jpa-parent-4.0.0-20251028.195157-456.pom
2025-10-28 19:30:49,061 [Worker-22: Importing Maven projects] INFO  o.e.m.c.i.e.AbstractTransferListenerAdapter - Downloading https://repo.spring.io/snapshot/org/springframework/spring-aspects/7.0.0-SNAPSHOT/maven-metadata.xml
2025-10-28 19:30:49,066 [Worker-22: Importing Maven projects] INFO  o.e.m.c.i.e.AbstractTransferListenerAdapter - Downloaded https://repo.spring.io/snapshot/org/springframework/spring-aspects/7.0.0-SNAPSHOT/maven-metadata.xml
2025-10-28 19:30:49,239 [Worker-22: Importing Maven projects] INFO  o.e.m.c.i.e.AbstractTransferListenerAdapter - Downloading https://repo.spring.io/snapshot/org/springframework/spring-aspects/7.0.0-SNAPSHOT/spring-aspects-7.0.0-20251028.200254-1037.pom
2025-10-28 19:30:49,241 [Worker-22: Importing Maven projects] INFO  o.e.m.c.i.e.AbstractTransferListenerAdapter - Downloaded https://repo.spring.io/snapshot/org/springframework/spring-aspects/7.0.0-SNAPSHOT/spring-aspects-7.0.0-20251028.200254-1037.pom
2025-10-28 19:30:49,419 [Worker-22: Importing Maven projects] INFO  o.e.m.c.i.e.AbstractTransferListenerAdapter - Downloading https://repo.spring.io/snapshot/org/springframework/boot/spring-boot-starter-validation/4.0.0-SNAPSHOT/maven-metadata.xml
2025-10-28 19:30:49,427 [Worker-22: Importing Maven projects] INFO  o.e.m.c.i.e.AbstractTransferListenerAdapter - Downloaded https://repo.spring.io/snapshot/org/springframework/boot/spring-boot-starter-validation/4.0.0-SNAPSHOT/maven-metadata.xml
2025-10-28 19:30:49,598 [Worker-22: Importing Maven projects] INFO  o.e.m.c.i.e.AbstractTransferListenerAdapter - Downloading https://repo.spring.io/snapshot/org/springframework/boot/spring-boot-starter-validation/4.0.0-SNAPSHOT/spring-boot-starter-validation-4.0.0-20251028.172321-711.pom
2025-10-28 19:30:49,606 [Worker-22: Importing Maven projects] INFO  o.e.m.c.i.e.AbstractTransferListenerAdapter - Downloaded https://repo.spring.io/snapshot/org/springframework/boot/spring-boot-starter-validation/4.0.0-SNAPSHOT/spring-boot-starter-validation-4.0.0-20251028.172321-711.pom
2025-10-28 19:30:49,780 [Worker-22: Importing Maven projects] INFO  o.e.m.c.i.e.AbstractTransferListenerAdapter - Downloading https://repo.spring.io/snapshot/org/springframework/boot/spring-boot-validation/4.0.0-SNAPSHOT/maven-metadata.xml
2025-10-28 19:30:49,787 [Worker-22: Importing Maven projects] INFO  o.e.m.c.i.e.AbstractTransferListenerAdapter - Downloaded https://repo.spring.io/snapshot/org/springframework/boot/spring-boot-validation/4.0.0-SNAPSHOT/maven-metadata.xml
2025-10-28 19:30:49,959 [Worker-22: Importing Maven projects] INFO  o.e.m.c.i.e.AbstractTransferListenerAdapter - Downloading https://repo.spring.io/snapshot/org/springframework/boot/spring-boot-validation/4.0.0-SNAPSHOT/spring-boot-validation-4.0.0-20251028.172321-530.pom
2025-10-28 19:30:49,971 [Worker-22: Importing Maven projects] INFO  o.e.m.c.i.e.AbstractTransferListenerAdapter - Downloaded https://repo.spring.io/snapshot/org/springframework/boot/spring-boot-validation/4.0.0-SNAPSHOT/spring-boot-validation-4.0.0-20251028.172321-530.pom
2025-10-28 19:30:50,166 [Worker-22: Importing Maven projects] INFO  o.e.m.c.i.e.AbstractTransferListenerAdapter - Downloading https://repo.spring.io/snapshot/org/springframework/boot/spring-boot-starter-webmvc/4.0.0-SNAPSHOT/maven-metadata.xml
2025-10-28 19:30:50,178 [Worker-22: Importing Maven projects] INFO  o.e.m.c.i.e.AbstractTransferListenerAdapter - Downloaded https://repo.spring.io/snapshot/org/springframework/boot/spring-boot-starter-webmvc/4.0.0-SNAPSHOT/maven-metadata.xml
2025-10-28 19:30:50,352 [Worker-22: Importing Maven projects] INFO  o.e.m.c.i.e.AbstractTransferListenerAdapter - Downloading https://repo.spring.io/snapshot/org/springframework/boot/spring-boot-starter-webmvc/4.0.0-SNAPSHOT/spring-boot-starter-webmvc-4.0.0-20251028.172321-395.pom
2025-10-28 19:30:50,360 [Worker-22: Importing Maven projects] INFO  o.e.m.c.i.e.AbstractTransferListenerAdapter - Downloaded https://repo.spring.io/snapshot/org/springframework/boot/spring-boot-starter-webmvc/4.0.0-SNAPSHOT/spring-boot-starter-webmvc-4.0.0-20251028.172321-395.pom
2025-10-28 19:30:50,538 [Worker-22: Importing Maven projects] INFO  o.e.m.c.i.e.AbstractTransferListenerAdapter - Downloading https://repo.spring.io/snapshot/org/springframework/boot/spring-boot-starter-jackson/4.0.0-SNAPSHOT/maven-metadata.xml
2025-10-28 19:30:50,555 [Worker-22: Importing Maven projects] INFO  o.e.m.c.i.e.AbstractTransferListenerAdapter - Downloaded https://repo.spring.io/snapshot/org/springframework/boot/spring-boot-starter-jackson/4.0.0-SNAPSHOT/maven-metadata.xml
2025-10-28 19:30:50,733 [Worker-22: Importing Maven projects] INFO  o.e.m.c.i.e.AbstractTransferListenerAdapter - Downloading https://repo.spring.io/snapshot/org/springframework/boot/spring-boot-starter-jackson/4.0.0-SNAPSHOT/spring-boot-starter-jackson-4.0.0-20251028.172321-395.pom
2025-10-28 19:30:50,737 [Worker-22: Importing Maven projects] INFO  o.e.m.c.i.e.AbstractTransferListenerAdapter - Downloaded https://repo.spring.io/snapshot/org/springframework/boot/spring-boot-starter-jackson/4.0.0-SNAPSHOT/spring-boot-starter-jackson-4.0.0-20251028.172321-395.pom
2025-10-28 19:30:50,918 [Worker-22: Importing Maven projects] INFO  o.e.m.c.i.e.AbstractTransferListenerAdapter - Downloading https://repo.spring.io/snapshot/org/springframework/boot/spring-boot-jackson/4.0.0-SNAPSHOT/maven-metadata.xml
2025-10-28 19:30:50,931 [Worker-22: Importing Maven projects] INFO  o.e.m.c.i.e.AbstractTransferListenerAdapter - Downloaded https://repo.spring.io/snapshot/org/springframework/boot/spring-boot-jackson/4.0.0-SNAPSHOT/maven-metadata.xml
2025-10-28 19:30:51,113 [Worker-22: Importing Maven projects] INFO  o.e.m.c.i.e.AbstractTransferListenerAdapter - Downloading https://repo.spring.io/snapshot/org/springframework/boot/spring-boot-jackson/4.0.0-SNAPSHOT/spring-boot-jackson-4.0.0-20251028.172321-538.pom
2025-10-28 19:30:51,124 [Worker-22: Importing Maven projects] INFO  o.e.m.c.i.e.AbstractTransferListenerAdapter - Downloaded https://repo.spring.io/snapshot/org/springframework/boot/spring-boot-jackson/4.0.0-SNAPSHOT/spring-boot-jackson-4.0.0-20251028.172321-538.pom
2025-10-28 19:30:51,334 [Worker-22: Importing Maven projects] INFO  o.e.m.c.i.e.AbstractTransferListenerAdapter - Downloading https://repo.spring.io/snapshot/org/springframework/boot/spring-boot-starter-tomcat/4.0.0-SNAPSHOT/maven-metadata.xml
2025-10-28 19:30:51,348 [Worker-22: Importing Maven projects] INFO  o.e.m.c.i.e.AbstractTransferListenerAdapter - Downloaded https://repo.spring.io/snapshot/org/springframework/boot/spring-boot-starter-tomcat/4.0.0-SNAPSHOT/maven-metadata.xml
2025-10-28 19:30:51,526 [Worker-22: Importing Maven projects] INFO  o.e.m.c.i.e.AbstractTransferListenerAdapter - Downloading https://repo.spring.io/snapshot/org/springframework/boot/spring-boot-starter-tomcat/4.0.0-SNAPSHOT/spring-boot-starter-tomcat-4.0.0-20251028.172321-711.pom
2025-10-28 19:30:51,544 [Worker-22: Importing Maven projects] INFO  o.e.m.c.i.e.AbstractTransferListenerAdapter - Downloaded https://repo.spring.io/snapshot/org/springframework/boot/spring-boot-starter-tomcat/4.0.0-SNAPSHOT/spring-boot-starter-tomcat-4.0.0-20251028.172321-711.pom
2025-10-28 19:30:51,729 [Worker-22: Importing Maven projects] INFO  o.e.m.c.i.e.AbstractTransferListenerAdapter - Downloading https://repo.spring.io/snapshot/org/springframework/boot/spring-boot-tomcat/4.0.0-SNAPSHOT/maven-metadata.xml
2025-10-28 19:30:51,738 [Worker-22: Importing Maven projects] INFO  o.e.m.c.i.e.AbstractTransferListenerAdapter - Downloaded https://repo.spring.io/snapshot/org/springframework/boot/spring-boot-tomcat/4.0.0-SNAPSHOT/maven-metadata.xml
2025-10-28 19:30:51,917 [Worker-22: Importing Maven projects] INFO  o.e.m.c.i.e.AbstractTransferListenerAdapter - Downloading https://repo.spring.io/snapshot/org/springframework/boot/spring-boot-tomcat/4.0.0-SNAPSHOT/spring-boot-tomcat-4.0.0-20251028.172321-549.pom
2025-10-28 19:30:51,930 [Worker-22: Importing Maven projects] INFO  o.e.m.c.i.e.AbstractTransferListenerAdapter - Downloaded https://repo.spring.io/snapshot/org/springframework/boot/spring-boot-tomcat/4.0.0-SNAPSHOT/spring-boot-tomcat-4.0.0-20251028.172321-549.pom
2025-10-28 19:30:52,113 [Worker-22: Importing Maven projects] INFO  o.e.m.c.i.e.AbstractTransferListenerAdapter - Downloading https://repo.spring.io/snapshot/org/springframework/boot/spring-boot-web-server/4.0.0-SNAPSHOT/maven-metadata.xml
2025-10-28 19:30:52,120 [Worker-22: Importing Maven projects] INFO  o.e.m.c.i.e.AbstractTransferListenerAdapter - Downloaded https://repo.spring.io/snapshot/org/springframework/boot/spring-boot-web-server/4.0.0-SNAPSHOT/maven-metadata.xml
2025-10-28 19:30:52,289 [Worker-22: Importing Maven projects] INFO  o.e.m.c.i.e.AbstractTransferListenerAdapter - Downloading https://repo.spring.io/snapshot/org/springframework/boot/spring-boot-web-server/4.0.0-SNAPSHOT/spring-boot-web-server-4.0.0-20251028.172321-468.pom
2025-10-28 19:30:52,295 [Worker-22: Importing Maven projects] INFO  o.e.m.c.i.e.AbstractTransferListenerAdapter - Downloaded https://repo.spring.io/snapshot/org/springframework/boot/spring-boot-web-server/4.0.0-SNAPSHOT/spring-boot-web-server-4.0.0-20251028.172321-468.pom
2025-10-28 19:30:52,474 [Worker-22: Importing Maven projects] INFO  o.e.m.c.i.e.AbstractTransferListenerAdapter - Downloading https://repo.spring.io/snapshot/org/springframework/spring-web/7.0.0-SNAPSHOT/maven-metadata.xml
2025-10-28 19:30:52,489 [Worker-22: Importing Maven projects] INFO  o.e.m.c.i.e.AbstractTransferListenerAdapter - Downloaded https://repo.spring.io/snapshot/org/springframework/spring-web/7.0.0-SNAPSHOT/maven-metadata.xml
2025-10-28 19:30:52,670 [Worker-22: Importing Maven projects] INFO  o.e.m.c.i.e.AbstractTransferListenerAdapter - Downloading https://repo.spring.io/snapshot/org/springframework/spring-web/7.0.0-SNAPSHOT/spring-web-7.0.0-20251028.200254-1037.pom
2025-10-28 19:30:52,684 [Worker-22: Importing Maven projects] INFO  o.e.m.c.i.e.AbstractTransferListenerAdapter - Downloaded https://repo.spring.io/snapshot/org/springframework/spring-web/7.0.0-SNAPSHOT/spring-web-7.0.0-20251028.200254-1037.pom
2025-10-28 19:30:52,866 [Worker-22: Importing Maven projects] INFO  o.e.m.c.i.e.AbstractTransferListenerAdapter - Downloading https://repo.spring.io/snapshot/org/springframework/boot/spring-boot-tomcat-runtime/4.0.0-SNAPSHOT/maven-metadata.xml
2025-10-28 19:30:52,872 [Worker-22: Importing Maven projects] INFO  o.e.m.c.i.e.AbstractTransferListenerAdapter - Downloaded https://repo.spring.io/snapshot/org/springframework/boot/spring-boot-tomcat-runtime/4.0.0-SNAPSHOT/maven-metadata.xml
2025-10-28 19:30:53,048 [Worker-22: Importing Maven projects] INFO  o.e.m.c.i.e.AbstractTransferListenerAdapter - Downloading https://repo.spring.io/snapshot/org/springframework/boot/spring-boot-tomcat-runtime/4.0.0-SNAPSHOT/spring-boot-tomcat-runtime-4.0.0-20251028.172321-37.pom
2025-10-28 19:30:53,053 [Worker-22: Importing Maven projects] INFO  o.e.m.c.i.e.AbstractTransferListenerAdapter - Downloaded https://repo.spring.io/snapshot/org/springframework/boot/spring-boot-tomcat-runtime/4.0.0-SNAPSHOT/spring-boot-tomcat-runtime-4.0.0-20251028.172321-37.pom
2025-10-28 19:30:53,240 [Worker-22: Importing Maven projects] INFO  o.e.m.c.i.e.AbstractTransferListenerAdapter - Downloading https://repo.spring.io/snapshot/org/springframework/boot/spring-boot-http-converter/4.0.0-SNAPSHOT/maven-metadata.xml
2025-10-28 19:30:53,253 [Worker-22: Importing Maven projects] INFO  o.e.m.c.i.e.AbstractTransferListenerAdapter - Downloaded https://repo.spring.io/snapshot/org/springframework/boot/spring-boot-http-converter/4.0.0-SNAPSHOT/maven-metadata.xml
2025-10-28 19:30:53,435 [Worker-22: Importing Maven projects] INFO  o.e.m.c.i.e.AbstractTransferListenerAdapter - Downloading https://repo.spring.io/snapshot/org/springframework/boot/spring-boot-http-converter/4.0.0-SNAPSHOT/spring-boot-http-converter-4.0.0-20251028.172321-463.pom
2025-10-28 19:30:53,451 [Worker-22: Importing Maven projects] INFO  o.e.m.c.i.e.AbstractTransferListenerAdapter - Downloaded https://repo.spring.io/snapshot/org/springframework/boot/spring-boot-http-converter/4.0.0-SNAPSHOT/spring-boot-http-converter-4.0.0-20251028.172321-463.pom
2025-10-28 19:30:53,642 [Worker-22: Importing Maven projects] INFO  o.e.m.c.i.e.AbstractTransferListenerAdapter - Downloading https://repo.spring.io/snapshot/org/springframework/boot/spring-boot-webmvc/4.0.0-SNAPSHOT/maven-metadata.xml
2025-10-28 19:30:53,658 [Worker-22: Importing Maven projects] INFO  o.e.m.c.i.e.AbstractTransferListenerAdapter - Downloaded https://repo.spring.io/snapshot/org/springframework/boot/spring-boot-webmvc/4.0.0-SNAPSHOT/maven-metadata.xml
2025-10-28 19:30:53,839 [Worker-22: Importing Maven projects] INFO  o.e.m.c.i.e.AbstractTransferListenerAdapter - Downloading https://repo.spring.io/snapshot/org/springframework/boot/spring-boot-webmvc/4.0.0-SNAPSHOT/spring-boot-webmvc-4.0.0-20251028.172321-498.pom
2025-10-28 19:30:53,852 [Worker-22: Importing Maven projects] INFO  o.e.m.c.i.e.AbstractTransferListenerAdapter - Downloaded https://repo.spring.io/snapshot/org/springframework/boot/spring-boot-webmvc/4.0.0-SNAPSHOT/spring-boot-webmvc-4.0.0-20251028.172321-498.pom
2025-10-28 19:30:54,038 [Worker-22: Importing Maven projects] INFO  o.e.m.c.i.e.AbstractTransferListenerAdapter - Downloading https://repo.spring.io/snapshot/org/springframework/boot/spring-boot-servlet/4.0.0-SNAPSHOT/maven-metadata.xml
2025-10-28 19:30:54,051 [Worker-22: Importing Maven projects] INFO  o.e.m.c.i.e.AbstractTransferListenerAdapter - Downloaded https://repo.spring.io/snapshot/org/springframework/boot/spring-boot-servlet/4.0.0-SNAPSHOT/maven-metadata.xml
2025-10-28 19:30:54,227 [Worker-22: Importing Maven projects] INFO  o.e.m.c.i.e.AbstractTransferListenerAdapter - Downloading https://repo.spring.io/snapshot/org/springframework/boot/spring-boot-servlet/4.0.0-SNAPSHOT/spring-boot-servlet-4.0.0-20251028.172321-453.pom
2025-10-28 19:30:54,232 [Worker-22: Importing Maven projects] INFO  o.e.m.c.i.e.AbstractTransferListenerAdapter - Downloaded https://repo.spring.io/snapshot/org/springframework/boot/spring-boot-servlet/4.0.0-SNAPSHOT/spring-boot-servlet-4.0.0-20251028.172321-453.pom
2025-10-28 19:30:54,407 [Worker-22: Importing Maven projects] INFO  o.e.m.c.i.e.AbstractTransferListenerAdapter - Downloading https://repo.spring.io/snapshot/org/springframework/spring-webmvc/7.0.0-SNAPSHOT/maven-metadata.xml
2025-10-28 19:30:54,414 [Worker-22: Importing Maven projects] INFO  o.e.m.c.i.e.AbstractTransferListenerAdapter - Downloaded https://repo.spring.io/snapshot/org/springframework/spring-webmvc/7.0.0-SNAPSHOT/maven-metadata.xml
2025-10-28 19:30:54,589 [Worker-22: Importing Maven projects] INFO  o.e.m.c.i.e.AbstractTransferListenerAdapter - Downloading https://repo.spring.io/snapshot/org/springframework/spring-webmvc/7.0.0-SNAPSHOT/spring-webmvc-7.0.0-20251028.200254-1037.pom
2025-10-28 19:30:54,606 [Worker-22: Importing Maven projects] INFO  o.e.m.c.i.e.AbstractTransferListenerAdapter - Downloaded https://repo.spring.io/snapshot/org/springframework/spring-webmvc/7.0.0-SNAPSHOT/spring-webmvc-7.0.0-20251028.200254-1037.pom
2025-10-28 19:30:54,794 [Worker-22: Importing Maven projects] INFO  o.e.m.c.i.e.AbstractTransferListenerAdapter - Downloading https://repo.spring.io/snapshot/org/springframework/boot/spring-boot-devtools/4.0.0-SNAPSHOT/maven-metadata.xml
2025-10-28 19:30:54,812 [Worker-22: Importing Maven projects] INFO  o.e.m.c.i.e.AbstractTransferListenerAdapter - Downloaded https://repo.spring.io/snapshot/org/springframework/boot/spring-boot-devtools/4.0.0-SNAPSHOT/maven-metadata.xml
2025-10-28 19:30:54,997 [Worker-22: Importing Maven projects] INFO  o.e.m.c.i.e.AbstractTransferListenerAdapter - Downloading https://repo.spring.io/snapshot/org/springframework/boot/spring-boot-devtools/4.0.0-SNAPSHOT/spring-boot-devtools-4.0.0-20251028.172321-711.pom
2025-10-28 19:30:55,012 [Worker-22: Importing Maven projects] INFO  o.e.m.c.i.e.AbstractTransferListenerAdapter - Downloaded https://repo.spring.io/snapshot/org/springframework/boot/spring-boot-devtools/4.0.0-SNAPSHOT/spring-boot-devtools-4.0.0-20251028.172321-711.pom
2025-10-28 19:30:55,206 [Worker-22: Importing Maven projects] INFO  o.e.m.c.i.e.AbstractTransferListenerAdapter - Downloading https://repo.spring.io/snapshot/org/springframework/boot/spring-boot-starter-data-jpa-test/4.0.0-SNAPSHOT/maven-metadata.xml
2025-10-28 19:30:55,222 [Worker-22: Importing Maven projects] INFO  o.e.m.c.i.e.AbstractTransferListenerAdapter - Downloaded https://repo.spring.io/snapshot/org/springframework/boot/spring-boot-starter-data-jpa-test/4.0.0-SNAPSHOT/maven-metadata.xml
2025-10-28 19:30:55,406 [Worker-22: Importing Maven projects] INFO  o.e.m.c.i.e.AbstractTransferListenerAdapter - Downloading https://repo.spring.io/snapshot/org/springframework/boot/spring-boot-starter-data-jpa-test/4.0.0-SNAPSHOT/spring-boot-starter-data-jpa-test-4.0.0-20251028.172321-144.pom
2025-10-28 19:30:55,422 [Worker-22: Importing Maven projects] INFO  o.e.m.c.i.e.AbstractTransferListenerAdapter - Downloaded https://repo.spring.io/snapshot/org/springframework/boot/spring-boot-starter-data-jpa-test/4.0.0-SNAPSHOT/spring-boot-starter-data-jpa-test-4.0.0-20251028.172321-144.pom
2025-10-28 19:30:55,610 [Worker-22: Importing Maven projects] INFO  o.e.m.c.i.e.AbstractTransferListenerAdapter - Downloading https://repo.spring.io/snapshot/org/springframework/boot/spring-boot-starter-test/4.0.0-SNAPSHOT/maven-metadata.xml
2025-10-28 19:30:55,622 [Worker-22: Importing Maven projects] INFO  o.e.m.c.i.e.AbstractTransferListenerAdapter - Downloaded https://repo.spring.io/snapshot/org/springframework/boot/spring-boot-starter-test/4.0.0-SNAPSHOT/maven-metadata.xml
2025-10-28 19:30:55,796 [Worker-22: Importing Maven projects] INFO  o.e.m.c.i.e.AbstractTransferListenerAdapter - Downloading https://repo.spring.io/snapshot/org/springframework/boot/spring-boot-starter-test/4.0.0-SNAPSHOT/spring-boot-starter-test-4.0.0-20251028.172321-711.pom
2025-10-28 19:30:55,807 [Worker-22: Importing Maven projects] INFO  o.e.m.c.i.e.AbstractTransferListenerAdapter - Downloaded https://repo.spring.io/snapshot/org/springframework/boot/spring-boot-starter-test/4.0.0-SNAPSHOT/spring-boot-starter-test-4.0.0-20251028.172321-711.pom
2025-10-28 19:30:55,983 [Worker-22: Importing Maven projects] INFO  o.e.m.c.i.e.AbstractTransferListenerAdapter - Downloading https://repo.spring.io/snapshot/org/springframework/boot/spring-boot-test/4.0.0-SNAPSHOT/maven-metadata.xml
2025-10-28 19:30:55,994 [Worker-22: Importing Maven projects] INFO  o.e.m.c.i.e.AbstractTransferListenerAdapter - Downloaded https://repo.spring.io/snapshot/org/springframework/boot/spring-boot-test/4.0.0-SNAPSHOT/maven-metadata.xml
2025-10-28 19:30:56,169 [Worker-22: Importing Maven projects] INFO  o.e.m.c.i.e.AbstractTransferListenerAdapter - Downloading https://repo.spring.io/snapshot/org/springframework/boot/spring-boot-test/4.0.0-SNAPSHOT/spring-boot-test-4.0.0-20251028.172321-711.pom
2025-10-28 19:30:56,176 [Worker-22: Importing Maven projects] INFO  o.e.m.c.i.e.AbstractTransferListenerAdapter - Downloaded https://repo.spring.io/snapshot/org/springframework/boot/spring-boot-test/4.0.0-SNAPSHOT/spring-boot-test-4.0.0-20251028.172321-711.pom
2025-10-28 19:30:56,353 [Worker-22: Importing Maven projects] INFO  o.e.m.c.i.e.AbstractTransferListenerAdapter - Downloading https://repo.spring.io/snapshot/org/springframework/spring-test/7.0.0-SNAPSHOT/maven-metadata.xml
2025-10-28 19:30:56,357 [Worker-22: Importing Maven projects] INFO  o.e.m.c.i.e.AbstractTransferListenerAdapter - Downloaded https://repo.spring.io/snapshot/org/springframework/spring-test/7.0.0-SNAPSHOT/maven-metadata.xml
2025-10-28 19:30:56,534 [Worker-22: Importing Maven projects] INFO  o.e.m.c.i.e.AbstractTransferListenerAdapter - Downloading https://repo.spring.io/snapshot/org/springframework/spring-test/7.0.0-SNAPSHOT/spring-test-7.0.0-20251028.200254-1037.pom
2025-10-28 19:30:56,548 [Worker-22: Importing Maven projects] INFO  o.e.m.c.i.e.AbstractTransferListenerAdapter - Downloaded https://repo.spring.io/snapshot/org/springframework/spring-test/7.0.0-SNAPSHOT/spring-test-7.0.0-20251028.200254-1037.pom
2025-10-28 19:30:56,736 [Worker-22: Importing Maven projects] INFO  o.e.m.c.i.e.AbstractTransferListenerAdapter - Downloading https://repo.spring.io/snapshot/org/springframework/boot/spring-boot-test-autoconfigure/4.0.0-SNAPSHOT/maven-metadata.xml
2025-10-28 19:30:56,751 [Worker-22: Importing Maven projects] INFO  o.e.m.c.i.e.AbstractTransferListenerAdapter - Downloaded https://repo.spring.io/snapshot/org/springframework/boot/spring-boot-test-autoconfigure/4.0.0-SNAPSHOT/maven-metadata.xml
2025-10-28 19:30:56,929 [Worker-22: Importing Maven projects] INFO  o.e.m.c.i.e.AbstractTransferListenerAdapter - Downloading https://repo.spring.io/snapshot/org/springframework/boot/spring-boot-test-autoconfigure/4.0.0-SNAPSHOT/spring-boot-test-autoconfigure-4.0.0-20251028.172321-711.pom
2025-10-28 19:30:56,945 [Worker-22: Importing Maven projects] INFO  o.e.m.c.i.e.AbstractTransferListenerAdapter - Downloaded https://repo.spring.io/snapshot/org/springframework/boot/spring-boot-test-autoconfigure/4.0.0-SNAPSHOT/spring-boot-test-autoconfigure-4.0.0-20251028.172321-711.pom
2025-10-28 19:30:57,210 [Worker-22: Importing Maven projects] INFO  o.e.m.c.i.e.AbstractTransferListenerAdapter - Downloading https://repo.spring.io/snapshot/org/springframework/boot/spring-boot-starter-jdbc-test/4.0.0-SNAPSHOT/maven-metadata.xml
2025-10-28 19:30:57,227 [Worker-22: Importing Maven projects] INFO  o.e.m.c.i.e.AbstractTransferListenerAdapter - Downloaded https://repo.spring.io/snapshot/org/springframework/boot/spring-boot-starter-jdbc-test/4.0.0-SNAPSHOT/maven-metadata.xml
2025-10-28 19:30:57,410 [Worker-22: Importing Maven projects] INFO  o.e.m.c.i.e.AbstractTransferListenerAdapter - Downloading https://repo.spring.io/snapshot/org/springframework/boot/spring-boot-starter-jdbc-test/4.0.0-SNAPSHOT/spring-boot-starter-jdbc-test-4.0.0-20251028.172321-144.pom
2025-10-28 19:30:57,425 [Worker-22: Importing Maven projects] INFO  o.e.m.c.i.e.AbstractTransferListenerAdapter - Downloaded https://repo.spring.io/snapshot/org/springframework/boot/spring-boot-starter-jdbc-test/4.0.0-SNAPSHOT/spring-boot-starter-jdbc-test-4.0.0-20251028.172321-144.pom
2025-10-28 19:30:57,616 [Worker-22: Importing Maven projects] INFO  o.e.m.c.i.e.AbstractTransferListenerAdapter - Downloading https://repo.spring.io/snapshot/org/springframework/boot/spring-boot-jdbc-test/4.0.0-SNAPSHOT/maven-metadata.xml
2025-10-28 19:30:57,632 [Worker-22: Importing Maven projects] INFO  o.e.m.c.i.e.AbstractTransferListenerAdapter - Downloaded https://repo.spring.io/snapshot/org/springframework/boot/spring-boot-jdbc-test/4.0.0-SNAPSHOT/maven-metadata.xml
2025-10-28 19:30:57,819 [Worker-22: Importing Maven projects] INFO  o.e.m.c.i.e.AbstractTransferListenerAdapter - Downloading https://repo.spring.io/snapshot/org/springframework/boot/spring-boot-jdbc-test/4.0.0-SNAPSHOT/spring-boot-jdbc-test-4.0.0-20251028.172321-167.pom
2025-10-28 19:30:57,832 [Worker-22: Importing Maven projects] INFO  o.e.m.c.i.e.AbstractTransferListenerAdapter - Downloaded https://repo.spring.io/snapshot/org/springframework/boot/spring-boot-jdbc-test/4.0.0-SNAPSHOT/spring-boot-jdbc-test-4.0.0-20251028.172321-167.pom
2025-10-28 19:30:58,019 [Worker-22: Importing Maven projects] INFO  o.e.m.c.i.e.AbstractTransferListenerAdapter - Downloading https://repo.spring.io/snapshot/org/springframework/boot/spring-boot-data-jpa-test/4.0.0-SNAPSHOT/maven-metadata.xml
2025-10-28 19:30:58,026 [Worker-22: Importing Maven projects] INFO  o.e.m.c.i.e.AbstractTransferListenerAdapter - Downloaded https://repo.spring.io/snapshot/org/springframework/boot/spring-boot-data-jpa-test/4.0.0-SNAPSHOT/maven-metadata.xml
2025-10-28 19:30:58,197 [Worker-22: Importing Maven projects] INFO  o.e.m.c.i.e.AbstractTransferListenerAdapter - Downloading https://repo.spring.io/snapshot/org/springframework/boot/spring-boot-data-jpa-test/4.0.0-SNAPSHOT/spring-boot-data-jpa-test-4.0.0-20251028.172321-167.pom
2025-10-28 19:30:58,200 [Worker-22: Importing Maven projects] INFO  o.e.m.c.i.e.AbstractTransferListenerAdapter - Downloaded https://repo.spring.io/snapshot/org/springframework/boot/spring-boot-data-jpa-test/4.0.0-SNAPSHOT/spring-boot-data-jpa-test-4.0.0-20251028.172321-167.pom
2025-10-28 19:30:58,379 [Worker-22: Importing Maven projects] INFO  o.e.m.c.i.e.AbstractTransferListenerAdapter - Downloading https://repo.spring.io/snapshot/org/springframework/boot/spring-boot-jpa-test/4.0.0-SNAPSHOT/maven-metadata.xml
2025-10-28 19:30:58,393 [Worker-22: Importing Maven projects] INFO  o.e.m.c.i.e.AbstractTransferListenerAdapter - Downloaded https://repo.spring.io/snapshot/org/springframework/boot/spring-boot-jpa-test/4.0.0-SNAPSHOT/maven-metadata.xml
2025-10-28 19:30:58,572 [Worker-22: Importing Maven projects] INFO  o.e.m.c.i.e.AbstractTransferListenerAdapter - Downloading https://repo.spring.io/snapshot/org/springframework/boot/spring-boot-jpa-test/4.0.0-SNAPSHOT/spring-boot-jpa-test-4.0.0-20251028.172321-167.pom
2025-10-28 19:30:58,584 [Worker-22: Importing Maven projects] INFO  o.e.m.c.i.e.AbstractTransferListenerAdapter - Downloaded https://repo.spring.io/snapshot/org/springframework/boot/spring-boot-jpa-test/4.0.0-SNAPSHOT/spring-boot-jpa-test-4.0.0-20251028.172321-167.pom
2025-10-28 19:30:58,767 [Worker-22: Importing Maven projects] INFO  o.e.m.c.i.e.AbstractTransferListenerAdapter - Downloading https://repo.spring.io/snapshot/org/springframework/boot/spring-boot-starter-validation-test/4.0.0-SNAPSHOT/maven-metadata.xml
2025-10-28 19:30:58,780 [Worker-22: Importing Maven projects] INFO  o.e.m.c.i.e.AbstractTransferListenerAdapter - Downloaded https://repo.spring.io/snapshot/org/springframework/boot/spring-boot-starter-validation-test/4.0.0-SNAPSHOT/maven-metadata.xml
2025-10-28 19:30:58,959 [Worker-22: Importing Maven projects] INFO  o.e.m.c.i.e.AbstractTransferListenerAdapter - Downloading https://repo.spring.io/snapshot/org/springframework/boot/spring-boot-starter-validation-test/4.0.0-SNAPSHOT/spring-boot-starter-validation-test-4.0.0-20251028.172321-144.pom
2025-10-28 19:30:58,977 [Worker-22: Importing Maven projects] INFO  o.e.m.c.i.e.AbstractTransferListenerAdapter - Downloaded https://repo.spring.io/snapshot/org/springframework/boot/spring-boot-starter-validation-test/4.0.0-SNAPSHOT/spring-boot-starter-validation-test-4.0.0-20251028.172321-144.pom
2025-10-28 19:30:59,165 [Worker-22: Importing Maven projects] INFO  o.e.m.c.i.e.AbstractTransferListenerAdapter - Downloading https://repo.spring.io/snapshot/org/springframework/boot/spring-boot-starter-webmvc-test/4.0.0-SNAPSHOT/maven-metadata.xml
2025-10-28 19:30:59,179 [Worker-22: Importing Maven projects] INFO  o.e.m.c.i.e.AbstractTransferListenerAdapter - Downloaded https://repo.spring.io/snapshot/org/springframework/boot/spring-boot-starter-webmvc-test/4.0.0-SNAPSHOT/maven-metadata.xml
2025-10-28 19:30:59,356 [Worker-22: Importing Maven projects] INFO  o.e.m.c.i.e.AbstractTransferListenerAdapter - Downloading https://repo.spring.io/snapshot/org/springframework/boot/spring-boot-starter-webmvc-test/4.0.0-SNAPSHOT/spring-boot-starter-webmvc-test-4.0.0-20251028.172321-144.pom
2025-10-28 19:30:59,359 [Worker-22: Importing Maven projects] INFO  o.e.m.c.i.e.AbstractTransferListenerAdapter - Downloaded https://repo.spring.io/snapshot/org/springframework/boot/spring-boot-starter-webmvc-test/4.0.0-SNAPSHOT/spring-boot-starter-webmvc-test-4.0.0-20251028.172321-144.pom
2025-10-28 19:30:59,536 [Worker-22: Importing Maven projects] INFO  o.e.m.c.i.e.AbstractTransferListenerAdapter - Downloading https://repo.spring.io/snapshot/org/springframework/boot/spring-boot-starter-jackson-test/4.0.0-SNAPSHOT/maven-metadata.xml
2025-10-28 19:30:59,550 [Worker-22: Importing Maven projects] INFO  o.e.m.c.i.e.AbstractTransferListenerAdapter - Downloaded https://repo.spring.io/snapshot/org/springframework/boot/spring-boot-starter-jackson-test/4.0.0-SNAPSHOT/maven-metadata.xml
2025-10-28 19:30:59,726 [Worker-22: Importing Maven projects] INFO  o.e.m.c.i.e.AbstractTransferListenerAdapter - Downloading https://repo.spring.io/snapshot/org/springframework/boot/spring-boot-starter-jackson-test/4.0.0-SNAPSHOT/spring-boot-starter-jackson-test-4.0.0-20251028.172321-144.pom
2025-10-28 19:30:59,743 [Worker-22: Importing Maven projects] INFO  o.e.m.c.i.e.AbstractTransferListenerAdapter - Downloaded https://repo.spring.io/snapshot/org/springframework/boot/spring-boot-starter-jackson-test/4.0.0-SNAPSHOT/spring-boot-starter-jackson-test-4.0.0-20251028.172321-144.pom
2025-10-28 19:30:59,929 [Worker-22: Importing Maven projects] INFO  o.e.m.c.i.e.AbstractTransferListenerAdapter - Downloading https://repo.spring.io/snapshot/org/springframework/boot/spring-boot-webmvc-test/4.0.0-SNAPSHOT/maven-metadata.xml
2025-10-28 19:30:59,939 [Worker-22: Importing Maven projects] INFO  o.e.m.c.i.e.AbstractTransferListenerAdapter - Downloaded https://repo.spring.io/snapshot/org/springframework/boot/spring-boot-webmvc-test/4.0.0-SNAPSHOT/maven-metadata.xml
2025-10-28 19:31:00,116 [Worker-22: Importing Maven projects] INFO  o.e.m.c.i.e.AbstractTransferListenerAdapter - Downloading https://repo.spring.io/snapshot/org/springframework/boot/spring-boot-webmvc-test/4.0.0-SNAPSHOT/spring-boot-webmvc-test-4.0.0-20251028.172321-167.pom
2025-10-28 19:31:00,123 [Worker-22: Importing Maven projects] INFO  o.e.m.c.i.e.AbstractTransferListenerAdapter - Downloaded https://repo.spring.io/snapshot/org/springframework/boot/spring-boot-webmvc-test/4.0.0-SNAPSHOT/spring-boot-webmvc-test-4.0.0-20251028.172321-167.pom
2025-10-28 19:31:00,298 [Worker-22: Importing Maven projects] INFO  o.e.m.c.i.e.AbstractTransferListenerAdapter - Downloading https://repo.spring.io/snapshot/org/springframework/boot/spring-boot-resttestclient/4.0.0-SNAPSHOT/maven-metadata.xml
2025-10-28 19:31:00,305 [Worker-22: Importing Maven projects] INFO  o.e.m.c.i.e.AbstractTransferListenerAdapter - Downloaded https://repo.spring.io/snapshot/org/springframework/boot/spring-boot-resttestclient/4.0.0-SNAPSHOT/maven-metadata.xml
2025-10-28 19:31:00,476 [Worker-22: Importing Maven projects] INFO  o.e.m.c.i.e.AbstractTransferListenerAdapter - Downloading https://repo.spring.io/snapshot/org/springframework/boot/spring-boot-resttestclient/4.0.0-SNAPSHOT/spring-boot-resttestclient-4.0.0-20251028.172321-106.pom
2025-10-28 19:31:00,492 [Worker-22: Importing Maven projects] INFO  o.e.m.c.i.e.AbstractTransferListenerAdapter - Downloaded https://repo.spring.io/snapshot/org/springframework/boot/spring-boot-resttestclient/4.0.0-SNAPSHOT/spring-boot-resttestclient-4.0.0-20251028.172321-106.pom
2025-10-28 19:31:00,678 [Worker-22: Importing Maven projects] INFO  o.e.m.c.i.e.AbstractTransferListenerAdapter - Downloading https://repo.spring.io/snapshot/org/springframework/boot/spring-boot-restclient/4.0.0-SNAPSHOT/maven-metadata.xml
2025-10-28 19:31:00,681 [Worker-22: Importing Maven projects] INFO  o.e.m.c.i.e.AbstractTransferListenerAdapter - Downloaded https://repo.spring.io/snapshot/org/springframework/boot/spring-boot-restclient/4.0.0-SNAPSHOT/maven-metadata.xml
2025-10-28 19:31:00,853 [Worker-22: Importing Maven projects] INFO  o.e.m.c.i.e.AbstractTransferListenerAdapter - Downloading https://repo.spring.io/snapshot/org/springframework/boot/spring-boot-restclient/4.0.0-SNAPSHOT/spring-boot-restclient-4.0.0-20251028.172321-453.pom
2025-10-28 19:31:00,866 [Worker-22: Importing Maven projects] INFO  o.e.m.c.i.e.AbstractTransferListenerAdapter - Downloaded https://repo.spring.io/snapshot/org/springframework/boot/spring-boot-restclient/4.0.0-SNAPSHOT/spring-boot-restclient-4.0.0-20251028.172321-453.pom
2025-10-28 19:31:01,055 [Worker-22: Importing Maven projects] INFO  o.e.m.c.i.e.AbstractTransferListenerAdapter - Downloading https://repo.spring.io/snapshot/org/springframework/boot/spring-boot-http-client/4.0.0-SNAPSHOT/maven-metadata.xml
2025-10-28 19:31:01,061 [Worker-22: Importing Maven projects] INFO  o.e.m.c.i.e.AbstractTransferListenerAdapter - Downloaded https://repo.spring.io/snapshot/org/springframework/boot/spring-boot-http-client/4.0.0-SNAPSHOT/maven-metadata.xml
2025-10-28 19:31:01,239 [Worker-22: Importing Maven projects] INFO  o.e.m.c.i.e.AbstractTransferListenerAdapter - Downloading https://repo.spring.io/snapshot/org/springframework/boot/spring-boot-http-client/4.0.0-SNAPSHOT/spring-boot-http-client-4.0.0-20251028.172321-463.pom
2025-10-28 19:31:01,242 [Worker-22: Importing Maven projects] INFO  o.e.m.c.i.e.AbstractTransferListenerAdapter - Downloaded https://repo.spring.io/snapshot/org/springframework/boot/spring-boot-http-client/4.0.0-SNAPSHOT/spring-boot-http-client-4.0.0-20251028.172321-463.pom
2025-10-28 19:31:01,540 [Worker-22: Importing Maven projects] INFO  o.e.m.c.i.e.AbstractTransferListenerAdapter - Downloading https://repo.spring.io/snapshot/org/springframework/boot/spring-boot-starter-data-jpa/4.0.0-SNAPSHOT/spring-boot-starter-data-jpa-4.0.0-20251028.172321-711.jar
2025-10-28 19:31:01,557 [Worker-22: Importing Maven projects] INFO  o.e.m.c.i.e.AbstractTransferListenerAdapter - Downloaded https://repo.spring.io/snapshot/org/springframework/boot/spring-boot-starter-data-jpa/4.0.0-SNAPSHOT/spring-boot-starter-data-jpa-4.0.0-20251028.172321-711.jar
2025-10-28 19:31:01,731 [BasicRepositoryConnector-repo.spring.io-0-1] INFO  o.e.m.c.i.e.AbstractTransferListenerAdapter - Downloading https://repo.spring.io/snapshot/org/springframework/boot/spring-boot-starter-logging/4.0.0-SNAPSHOT/spring-boot-starter-logging-4.0.0-20251028.172321-711.jar
2025-10-28 19:31:01,750 [BasicRepositoryConnector-repo.spring.io-0-1] INFO  o.e.m.c.i.e.AbstractTransferListenerAdapter - Downloaded https://repo.spring.io/snapshot/org/springframework/boot/spring-boot-starter-logging/4.0.0-SNAPSHOT/spring-boot-starter-logging-4.0.0-20251028.172321-711.jar
2025-10-28 19:31:01,926 [BasicRepositoryConnector-repo.spring.io-0-1] INFO  o.e.m.c.i.e.AbstractTransferListenerAdapter - Downloading https://repo.spring.io/snapshot/org/springframework/boot/spring-boot-persistence/4.0.0-SNAPSHOT/spring-boot-persistence-4.0.0-20251028.172321-196.jar
2025-10-28 19:31:01,936 [BasicRepositoryConnector-repo.spring.io-0-1] INFO  o.e.m.c.i.e.AbstractTransferListenerAdapter - Downloaded https://repo.spring.io/snapshot/org/springframework/boot/spring-boot-persistence/4.0.0-SNAPSHOT/spring-boot-persistence-4.0.0-20251028.172321-196.jar
2025-10-28 19:31:02,082 [BasicRepositoryConnector-repo.spring.io-0-2] INFO  o.e.m.c.i.e.AbstractTransferListenerAdapter - Downloading https://repo.spring.io/snapshot/org/springframework/boot/spring-boot-starter-jdbc/4.0.0-SNAPSHOT/spring-boot-starter-jdbc-4.0.0-20251028.172321-711.jar
2025-10-28 19:31:02,083 [BasicRepositoryConnector-repo.spring.io-0-0] INFO  o.e.m.c.i.e.AbstractTransferListenerAdapter - Downloading https://repo.spring.io/snapshot/org/springframework/boot/spring-boot-starter/4.0.0-SNAPSHOT/spring-boot-starter-4.0.0-20251028.172321-711.jar
2025-10-28 19:31:02,099 [BasicRepositoryConnector-repo.spring.io-0-2] INFO  o.e.m.c.i.e.AbstractTransferListenerAdapter - Downloaded https://repo.spring.io/snapshot/org/springframework/boot/spring-boot-starter-jdbc/4.0.0-SNAPSHOT/spring-boot-starter-jdbc-4.0.0-20251028.172321-711.jar
2025-10-28 19:31:02,099 [BasicRepositoryConnector-repo.spring.io-0-0] INFO  o.e.m.c.i.e.AbstractTransferListenerAdapter - Downloaded https://repo.spring.io/snapshot/org/springframework/boot/spring-boot-starter/4.0.0-SNAPSHOT/spring-boot-starter-4.0.0-20251028.172321-711.jar
2025-10-28 19:31:02,250 [BasicRepositoryConnector-repo.spring.io-0-3] INFO  o.e.m.c.i.e.AbstractTransferListenerAdapter - Downloading https://repo.spring.io/snapshot/org/springframework/boot/spring-boot-data-jpa/4.0.0-SNAPSHOT/spring-boot-data-jpa-4.0.0-20251028.172321-518.jar
2025-10-28 19:31:02,255 [BasicRepositoryConnector-repo.spring.io-0-4] INFO  o.e.m.c.i.e.AbstractTransferListenerAdapter - Downloading https://repo.spring.io/snapshot/org/springframework/boot/spring-boot-data-commons/4.0.0-SNAPSHOT/spring-boot-data-commons-4.0.0-20251028.172321-453.jar
2025-10-28 19:31:02,268 [BasicRepositoryConnector-repo.spring.io-0-0] INFO  o.e.m.c.i.e.AbstractTransferListenerAdapter - Downloading https://repo.spring.io/snapshot/org/springframework/boot/spring-boot-hibernate/4.0.0-SNAPSHOT/spring-boot-hibernate-4.0.0-20251028.172321-453.jar
2025-10-28 19:31:02,309 [BasicRepositoryConnector-repo.spring.io-0-2] INFO  o.e.m.c.i.e.AbstractTransferListenerAdapter - Downloading https://repo.spring.io/snapshot/org/springframework/boot/spring-boot-jpa/4.0.0-SNAPSHOT/spring-boot-jpa-4.0.0-20251028.172321-518.jar
2025-10-28 19:31:02,407 [BasicRepositoryConnector-repo.spring.io-0-3] INFO  o.e.m.c.i.e.AbstractTransferListenerAdapter - Downloaded https://repo.spring.io/snapshot/org/springframework/boot/spring-boot-data-jpa/4.0.0-SNAPSHOT/spring-boot-data-jpa-4.0.0-20251028.172321-518.jar
2025-10-28 19:31:02,426 [BasicRepositoryConnector-repo.spring.io-0-0] INFO  o.e.m.c.i.e.AbstractTransferListenerAdapter - Downloaded https://repo.spring.io/snapshot/org/springframework/boot/spring-boot-hibernate/4.0.0-SNAPSHOT/spring-boot-hibernate-4.0.0-20251028.172321-453.jar
2025-10-28 19:31:02,475 [BasicRepositoryConnector-repo.spring.io-0-2] INFO  o.e.m.c.i.e.AbstractTransferListenerAdapter - Downloaded https://repo.spring.io/snapshot/org/springframework/boot/spring-boot-jpa/4.0.0-SNAPSHOT/spring-boot-jpa-4.0.0-20251028.172321-518.jar
2025-10-28 19:31:02,575 [BasicRepositoryConnector-repo.spring.io-0-4] INFO  o.e.m.c.i.e.AbstractTransferListenerAdapter - Downloaded https://repo.spring.io/snapshot/org/springframework/boot/spring-boot-data-commons/4.0.0-SNAPSHOT/spring-boot-data-commons-4.0.0-20251028.172321-453.jar
2025-10-28 19:31:02,744 [BasicRepositoryConnector-repo.spring.io-0-1] INFO  o.e.m.c.i.e.AbstractTransferListenerAdapter - Downloading https://repo.spring.io/snapshot/org/springframework/data/spring-data-commons/4.0.0-SNAPSHOT/spring-data-commons-4.0.0-20251028.192730-357.jar
2025-10-28 19:31:03,134 [BasicRepositoryConnector-repo.spring.io-0-3] INFO  o.e.m.c.i.e.AbstractTransferListenerAdapter - Downloading https://repo.spring.io/snapshot/org/springframework/spring-orm/7.0.0-SNAPSHOT/spring-orm-7.0.0-20251028.200254-1037.jar
2025-10-28 19:31:03,159 [BasicRepositoryConnector-repo.spring.io-0-0] INFO  o.e.m.c.i.e.AbstractTransferListenerAdapter - Downloading https://repo.spring.io/snapshot/org/springframework/data/spring-data-jpa/4.0.0-SNAPSHOT/spring-data-jpa-4.0.0-20251028.195157-456.jar
2025-10-28 19:31:03,187 [BasicRepositoryConnector-repo.spring.io-0-2] INFO  o.e.m.c.i.e.AbstractTransferListenerAdapter - Downloading https://repo.spring.io/snapshot/org/springframework/spring-aop/7.0.0-SNAPSHOT/spring-aop-7.0.0-20251028.200254-1037.jar
2025-10-28 19:31:03,297 [BasicRepositoryConnector-repo.spring.io-0-4] INFO  o.e.m.c.i.e.AbstractTransferListenerAdapter - Downloading https://repo.spring.io/snapshot/org/springframework/spring-tx/7.0.0-SNAPSHOT/spring-tx-7.0.0-20251028.200254-1037.jar
2025-10-28 19:31:03,782 [BasicRepositoryConnector-repo.spring.io-0-3] INFO  o.e.m.c.i.e.AbstractTransferListenerAdapter - Downloaded https://repo.spring.io/snapshot/org/springframework/spring-orm/7.0.0-SNAPSHOT/spring-orm-7.0.0-20251028.200254-1037.jar
2025-10-28 19:31:03,942 [BasicRepositoryConnector-repo.spring.io-0-4] INFO  o.e.m.c.i.e.AbstractTransferListenerAdapter - Downloaded https://repo.spring.io/snapshot/org/springframework/spring-tx/7.0.0-SNAPSHOT/spring-tx-7.0.0-20251028.200254-1037.jar
2025-10-28 19:31:03,988 [BasicRepositoryConnector-repo.spring.io-0-2] INFO  o.e.m.c.i.e.AbstractTransferListenerAdapter - Downloaded https://repo.spring.io/snapshot/org/springframework/spring-aop/7.0.0-SNAPSHOT/spring-aop-7.0.0-20251028.200254-1037.jar
2025-10-28 19:31:04,046 [BasicRepositoryConnector-repo.spring.io-0-1] INFO  o.e.m.c.i.e.AbstractTransferListenerAdapter - Downloaded https://repo.spring.io/snapshot/org/springframework/data/spring-data-commons/4.0.0-SNAPSHOT/spring-data-commons-4.0.0-20251028.192730-357.jar
2025-10-28 19:31:04,114 [BasicRepositoryConnector-repo.spring.io-0-4] INFO  o.e.m.c.i.e.AbstractTransferListenerAdapter - Downloading https://repo.spring.io/snapshot/org/springframework/spring-aspects/7.0.0-SNAPSHOT/spring-aspects-7.0.0-20251028.200254-1037.jar
2025-10-28 19:31:04,128 [BasicRepositoryConnector-repo.spring.io-0-3] INFO  o.e.m.c.i.e.AbstractTransferListenerAdapter - Downloading https://repo.spring.io/snapshot/org/springframework/spring-beans/7.0.0-SNAPSHOT/spring-beans-7.0.0-20251028.200254-1037.jar
2025-10-28 19:31:04,157 [BasicRepositoryConnector-repo.spring.io-0-2] INFO  o.e.m.c.i.e.AbstractTransferListenerAdapter - Downloading https://repo.spring.io/snapshot/org/springframework/boot/spring-boot-jdbc/4.0.0-SNAPSHOT/spring-boot-jdbc-4.0.0-20251028.172321-532.jar
2025-10-28 19:31:04,210 [BasicRepositoryConnector-repo.spring.io-0-1] INFO  o.e.m.c.i.e.AbstractTransferListenerAdapter - Downloading https://repo.spring.io/snapshot/org/springframework/boot/spring-boot-sql/4.0.0-SNAPSHOT/spring-boot-sql-4.0.0-20251028.172321-481.jar
2025-10-28 19:31:04,441 [BasicRepositoryConnector-repo.spring.io-0-4] INFO  o.e.m.c.i.e.AbstractTransferListenerAdapter - Downloaded https://repo.spring.io/snapshot/org/springframework/spring-aspects/7.0.0-SNAPSHOT/spring-aspects-7.0.0-20251028.200254-1037.jar
2025-10-28 19:31:04,523 [BasicRepositoryConnector-repo.spring.io-0-1] INFO  o.e.m.c.i.e.AbstractTransferListenerAdapter - Downloaded https://repo.spring.io/snapshot/org/springframework/boot/spring-boot-sql/4.0.0-SNAPSHOT/spring-boot-sql-4.0.0-20251028.172321-481.jar
2025-10-28 19:31:04,610 [BasicRepositoryConnector-repo.spring.io-0-4] INFO  o.e.m.c.i.e.AbstractTransferListenerAdapter - Downloading https://repo.spring.io/snapshot/org/springframework/boot/spring-boot-transaction/4.0.0-SNAPSHOT/spring-boot-transaction-4.0.0-20251028.172321-77.jar
2025-10-28 19:31:04,618 [BasicRepositoryConnector-repo.spring.io-0-4] INFO  o.e.m.c.i.e.AbstractTransferListenerAdapter - Downloaded https://repo.spring.io/snapshot/org/springframework/boot/spring-boot-transaction/4.0.0-SNAPSHOT/spring-boot-transaction-4.0.0-20251028.172321-77.jar
2025-10-28 19:31:04,786 [BasicRepositoryConnector-repo.spring.io-0-4] INFO  o.e.m.c.i.e.AbstractTransferListenerAdapter - Downloading https://repo.spring.io/snapshot/org/springframework/boot/spring-boot-starter-validation/4.0.0-SNAPSHOT/spring-boot-starter-validation-4.0.0-20251028.172321-711.jar
2025-10-28 19:31:04,793 [BasicRepositoryConnector-repo.spring.io-0-2] INFO  o.e.m.c.i.e.AbstractTransferListenerAdapter - Downloaded https://repo.spring.io/snapshot/org/springframework/boot/spring-boot-jdbc/4.0.0-SNAPSHOT/spring-boot-jdbc-4.0.0-20251028.172321-532.jar
2025-10-28 19:31:04,794 [BasicRepositoryConnector-repo.spring.io-0-4] INFO  o.e.m.c.i.e.AbstractTransferListenerAdapter - Downloaded https://repo.spring.io/snapshot/org/springframework/boot/spring-boot-starter-validation/4.0.0-SNAPSHOT/spring-boot-starter-validation-4.0.0-20251028.172321-711.jar
2025-10-28 19:31:04,886 [BasicRepositoryConnector-repo.spring.io-0-1] INFO  o.e.m.c.i.e.AbstractTransferListenerAdapter - Downloading https://repo.spring.io/snapshot/org/springframework/spring-jdbc/7.0.0-SNAPSHOT/spring-jdbc-7.0.0-20251028.200254-1037.jar
2025-10-28 19:31:04,961 [BasicRepositoryConnector-repo.spring.io-0-2] INFO  o.e.m.c.i.e.AbstractTransferListenerAdapter - Downloading https://repo.spring.io/snapshot/org/springframework/boot/spring-boot-validation/4.0.0-SNAPSHOT/spring-boot-validation-4.0.0-20251028.172321-530.jar
2025-10-28 19:31:04,963 [BasicRepositoryConnector-repo.spring.io-0-4] INFO  o.e.m.c.i.e.AbstractTransferListenerAdapter - Downloading https://repo.spring.io/snapshot/org/springframework/boot/spring-boot-starter-webmvc/4.0.0-SNAPSHOT/spring-boot-starter-webmvc-4.0.0-20251028.172321-395.jar
2025-10-28 19:31:04,969 [BasicRepositoryConnector-repo.spring.io-0-2] INFO  o.e.m.c.i.e.AbstractTransferListenerAdapter - Downloaded https://repo.spring.io/snapshot/org/springframework/boot/spring-boot-validation/4.0.0-SNAPSHOT/spring-boot-validation-4.0.0-20251028.172321-530.jar
2025-10-28 19:31:04,969 [BasicRepositoryConnector-repo.spring.io-0-4] INFO  o.e.m.c.i.e.AbstractTransferListenerAdapter - Downloaded https://repo.spring.io/snapshot/org/springframework/boot/spring-boot-starter-webmvc/4.0.0-SNAPSHOT/spring-boot-starter-webmvc-4.0.0-20251028.172321-395.jar
2025-10-28 19:31:05,134 [BasicRepositoryConnector-repo.spring.io-0-2] INFO  o.e.m.c.i.e.AbstractTransferListenerAdapter - Downloading https://repo.spring.io/snapshot/org/springframework/boot/spring-boot-starter-jackson/4.0.0-SNAPSHOT/spring-boot-starter-jackson-4.0.0-20251028.172321-395.jar
2025-10-28 19:31:05,141 [BasicRepositoryConnector-repo.spring.io-0-4] INFO  o.e.m.c.i.e.AbstractTransferListenerAdapter - Downloading https://repo.spring.io/snapshot/org/springframework/boot/spring-boot-jackson/4.0.0-SNAPSHOT/spring-boot-jackson-4.0.0-20251028.172321-538.jar
2025-10-28 19:31:05,142 [BasicRepositoryConnector-repo.spring.io-0-2] INFO  o.e.m.c.i.e.AbstractTransferListenerAdapter - Downloaded https://repo.spring.io/snapshot/org/springframework/boot/spring-boot-starter-jackson/4.0.0-SNAPSHOT/spring-boot-starter-jackson-4.0.0-20251028.172321-395.jar
2025-10-28 19:31:05,229 [BasicRepositoryConnector-repo.spring.io-0-1] INFO  o.e.m.c.i.e.AbstractTransferListenerAdapter - Downloaded https://repo.spring.io/snapshot/org/springframework/spring-jdbc/7.0.0-SNAPSHOT/spring-jdbc-7.0.0-20251028.200254-1037.jar
2025-10-28 19:31:05,237 [BasicRepositoryConnector-repo.spring.io-0-0] INFO  o.e.m.c.i.e.AbstractTransferListenerAdapter - Downloaded https://repo.spring.io/snapshot/org/springframework/data/spring-data-jpa/4.0.0-SNAPSHOT/spring-data-jpa-4.0.0-20251028.195157-456.jar
2025-10-28 19:31:05,301 [BasicRepositoryConnector-repo.spring.io-0-4] INFO  o.e.m.c.i.e.AbstractTransferListenerAdapter - Downloaded https://repo.spring.io/snapshot/org/springframework/boot/spring-boot-jackson/4.0.0-SNAPSHOT/spring-boot-jackson-4.0.0-20251028.172321-538.jar
2025-10-28 19:31:05,306 [BasicRepositoryConnector-repo.spring.io-0-2] INFO  o.e.m.c.i.e.AbstractTransferListenerAdapter - Downloading https://repo.spring.io/snapshot/org/springframework/boot/spring-boot-starter-tomcat/4.0.0-SNAPSHOT/spring-boot-starter-tomcat-4.0.0-20251028.172321-711.jar
2025-10-28 19:31:05,315 [BasicRepositoryConnector-repo.spring.io-0-2] INFO  o.e.m.c.i.e.AbstractTransferListenerAdapter - Downloaded https://repo.spring.io/snapshot/org/springframework/boot/spring-boot-starter-tomcat/4.0.0-SNAPSHOT/spring-boot-starter-tomcat-4.0.0-20251028.172321-711.jar
2025-10-28 19:31:05,394 [BasicRepositoryConnector-repo.spring.io-0-1] INFO  o.e.m.c.i.e.AbstractTransferListenerAdapter - Downloading https://repo.spring.io/snapshot/org/springframework/boot/spring-boot-tomcat/4.0.0-SNAPSHOT/spring-boot-tomcat-4.0.0-20251028.172321-549.jar
2025-10-28 19:31:05,403 [BasicRepositoryConnector-repo.spring.io-0-0] INFO  o.e.m.c.i.e.AbstractTransferListenerAdapter - Downloading https://repo.spring.io/snapshot/org/springframework/boot/spring-boot-tomcat-runtime/4.0.0-SNAPSHOT/spring-boot-tomcat-runtime-4.0.0-20251028.172321-37.jar
2025-10-28 19:31:05,414 [BasicRepositoryConnector-repo.spring.io-0-0] INFO  o.e.m.c.i.e.AbstractTransferListenerAdapter - Downloaded https://repo.spring.io/snapshot/org/springframework/boot/spring-boot-tomcat-runtime/4.0.0-SNAPSHOT/spring-boot-tomcat-runtime-4.0.0-20251028.172321-37.jar
2025-10-28 19:31:05,465 [BasicRepositoryConnector-repo.spring.io-0-4] INFO  o.e.m.c.i.e.AbstractTransferListenerAdapter - Downloading https://repo.spring.io/snapshot/org/springframework/boot/spring-boot-http-converter/4.0.0-SNAPSHOT/spring-boot-http-converter-4.0.0-20251028.172321-463.jar
2025-10-28 19:31:05,471 [BasicRepositoryConnector-repo.spring.io-0-4] INFO  o.e.m.c.i.e.AbstractTransferListenerAdapter - Downloaded https://repo.spring.io/snapshot/org/springframework/boot/spring-boot-http-converter/4.0.0-SNAPSHOT/spring-boot-http-converter-4.0.0-20251028.172321-463.jar
2025-10-28 19:31:05,579 [BasicRepositoryConnector-repo.spring.io-0-0] INFO  o.e.m.c.i.e.AbstractTransferListenerAdapter - Downloading https://repo.spring.io/snapshot/org/springframework/boot/spring-boot-webmvc/4.0.0-SNAPSHOT/spring-boot-webmvc-4.0.0-20251028.172321-498.jar
2025-10-28 19:31:05,635 [BasicRepositoryConnector-repo.spring.io-0-4] INFO  o.e.m.c.i.e.AbstractTransferListenerAdapter - Downloading https://repo.spring.io/snapshot/org/springframework/boot/spring-boot-servlet/4.0.0-SNAPSHOT/spring-boot-servlet-4.0.0-20251028.172321-453.jar
2025-10-28 19:31:05,646 [BasicRepositoryConnector-repo.spring.io-0-4] INFO  o.e.m.c.i.e.AbstractTransferListenerAdapter - Downloaded https://repo.spring.io/snapshot/org/springframework/boot/spring-boot-servlet/4.0.0-SNAPSHOT/spring-boot-servlet-4.0.0-20251028.172321-453.jar
2025-10-28 19:31:05,684 [BasicRepositoryConnector-repo.spring.io-0-2] INFO  o.e.m.c.i.e.AbstractTransferListenerAdapter - Downloading https://repo.spring.io/snapshot/org/springframework/spring-web/7.0.0-SNAPSHOT/spring-web-7.0.0-20251028.200254-1037.jar
2025-10-28 19:31:05,712 [BasicRepositoryConnector-repo.spring.io-0-1] INFO  o.e.m.c.i.e.AbstractTransferListenerAdapter - Downloaded https://repo.spring.io/snapshot/org/springframework/boot/spring-boot-tomcat/4.0.0-SNAPSHOT/spring-boot-tomcat-4.0.0-20251028.172321-549.jar
2025-10-28 19:31:06,032 [BasicRepositoryConnector-repo.spring.io-0-4] INFO  o.e.m.c.i.e.AbstractTransferListenerAdapter - Downloading https://repo.spring.io/snapshot/org/springframework/spring-webmvc/7.0.0-SNAPSHOT/spring-webmvc-7.0.0-20251028.200254-1037.jar
2025-10-28 19:31:06,067 [BasicRepositoryConnector-repo.spring.io-0-0] INFO  o.e.m.c.i.e.AbstractTransferListenerAdapter - Downloaded https://repo.spring.io/snapshot/org/springframework/boot/spring-boot-webmvc/4.0.0-SNAPSHOT/spring-boot-webmvc-4.0.0-20251028.172321-498.jar
2025-10-28 19:31:06,076 [BasicRepositoryConnector-repo.spring.io-0-1] INFO  o.e.m.c.i.e.AbstractTransferListenerAdapter - Downloading https://repo.spring.io/snapshot/org/springframework/spring-expression/7.0.0-SNAPSHOT/spring-expression-7.0.0-20251028.200254-1037.jar
2025-10-28 19:31:06,393 [BasicRepositoryConnector-repo.spring.io-0-4] INFO  o.e.m.c.i.e.AbstractTransferListenerAdapter - Downloaded https://repo.spring.io/snapshot/org/springframework/spring-webmvc/7.0.0-SNAPSHOT/spring-webmvc-7.0.0-20251028.200254-1037.jar
2025-10-28 19:31:06,410 [BasicRepositoryConnector-repo.spring.io-0-1] INFO  o.e.m.c.i.e.AbstractTransferListenerAdapter - Downloaded https://repo.spring.io/snapshot/org/springframework/spring-expression/7.0.0-SNAPSHOT/spring-expression-7.0.0-20251028.200254-1037.jar
2025-10-28 19:31:06,430 [BasicRepositoryConnector-repo.spring.io-0-0] INFO  o.e.m.c.i.e.AbstractTransferListenerAdapter - Downloading https://repo.spring.io/snapshot/org/springframework/boot/spring-boot-devtools/4.0.0-SNAPSHOT/spring-boot-devtools-4.0.0-20251028.172321-711.jar
2025-10-28 19:31:06,440 [BasicRepositoryConnector-repo.spring.io-0-3] INFO  o.e.m.c.i.e.AbstractTransferListenerAdapter - Downloaded https://repo.spring.io/snapshot/org/springframework/spring-beans/7.0.0-SNAPSHOT/spring-beans-7.0.0-20251028.200254-1037.jar
2025-10-28 19:31:06,457 [BasicRepositoryConnector-repo.spring.io-0-2] INFO  o.e.m.c.i.e.AbstractTransferListenerAdapter - Downloaded https://repo.spring.io/snapshot/org/springframework/spring-web/7.0.0-SNAPSHOT/spring-web-7.0.0-20251028.200254-1037.jar
2025-10-28 19:31:06,605 [BasicRepositoryConnector-repo.spring.io-0-0] INFO  o.e.m.c.i.e.AbstractTransferListenerAdapter - Downloaded https://repo.spring.io/snapshot/org/springframework/boot/spring-boot-devtools/4.0.0-SNAPSHOT/spring-boot-devtools-4.0.0-20251028.172321-711.jar
2025-10-28 19:31:06,770 [BasicRepositoryConnector-repo.spring.io-0-1] INFO  o.e.m.c.i.e.AbstractTransferListenerAdapter - Downloading https://repo.spring.io/snapshot/org/springframework/spring-core/7.0.0-SNAPSHOT/spring-core-7.0.0-20251028.200254-1037.jar
2025-10-28 19:31:06,788 [BasicRepositoryConnector-repo.spring.io-0-0] INFO  o.e.m.c.i.e.AbstractTransferListenerAdapter - Downloading https://repo.spring.io/snapshot/org/springframework/boot/spring-boot-starter-data-jpa-test/4.0.0-SNAPSHOT/spring-boot-starter-data-jpa-test-4.0.0-20251028.172321-144.jar
2025-10-28 19:31:06,792 [BasicRepositoryConnector-repo.spring.io-0-0] INFO  o.e.m.c.i.e.AbstractTransferListenerAdapter - Downloaded https://repo.spring.io/snapshot/org/springframework/boot/spring-boot-starter-data-jpa-test/4.0.0-SNAPSHOT/spring-boot-starter-data-jpa-test-4.0.0-20251028.172321-144.jar
2025-10-28 19:31:06,796 [BasicRepositoryConnector-repo.spring.io-0-4] INFO  o.e.m.c.i.e.AbstractTransferListenerAdapter - Downloading https://repo.spring.io/snapshot/org/springframework/boot/spring-boot/4.0.0-SNAPSHOT/spring-boot-4.0.0-20251028.172321-711.jar
2025-10-28 19:31:06,799 [BasicRepositoryConnector-repo.spring.io-0-3] INFO  o.e.m.c.i.e.AbstractTransferListenerAdapter - Downloading https://repo.spring.io/snapshot/org/springframework/spring-context/7.0.0-SNAPSHOT/spring-context-7.0.0-20251028.200254-1037.jar
2025-10-28 19:31:06,832 [BasicRepositoryConnector-repo.spring.io-0-2] INFO  o.e.m.c.i.e.AbstractTransferListenerAdapter - Downloading https://repo.spring.io/snapshot/org/springframework/boot/spring-boot-autoconfigure/4.0.0-SNAPSHOT/spring-boot-autoconfigure-4.0.0-20251028.172321-711.jar
2025-10-28 19:31:06,963 [BasicRepositoryConnector-repo.spring.io-0-0] INFO  o.e.m.c.i.e.AbstractTransferListenerAdapter - Downloading https://repo.spring.io/snapshot/org/springframework/boot/spring-boot-starter-test/4.0.0-SNAPSHOT/spring-boot-starter-test-4.0.0-20251028.172321-711.jar
2025-10-28 19:31:06,967 [BasicRepositoryConnector-repo.spring.io-0-0] INFO  o.e.m.c.i.e.AbstractTransferListenerAdapter - Downloaded https://repo.spring.io/snapshot/org/springframework/boot/spring-boot-starter-test/4.0.0-SNAPSHOT/spring-boot-starter-test-4.0.0-20251028.172321-711.jar
2025-10-28 19:31:07,019 [BasicRepositoryConnector-repo.spring.io-0-2] INFO  o.e.m.c.i.e.AbstractTransferListenerAdapter - Downloaded https://repo.spring.io/snapshot/org/springframework/boot/spring-boot-autoconfigure/4.0.0-SNAPSHOT/spring-boot-autoconfigure-4.0.0-20251028.172321-711.jar
2025-10-28 19:31:07,181 [BasicRepositoryConnector-repo.spring.io-0-2] INFO  o.e.m.c.i.e.AbstractTransferListenerAdapter - Downloading https://repo.spring.io/snapshot/org/springframework/boot/spring-boot-test-autoconfigure/4.0.0-SNAPSHOT/spring-boot-test-autoconfigure-4.0.0-20251028.172321-711.jar
2025-10-28 19:31:07,306 [BasicRepositoryConnector-repo.spring.io-0-4] INFO  o.e.m.c.i.e.AbstractTransferListenerAdapter - Downloaded https://repo.spring.io/snapshot/org/springframework/boot/spring-boot/4.0.0-SNAPSHOT/spring-boot-4.0.0-20251028.172321-711.jar
2025-10-28 19:31:07,324 [BasicRepositoryConnector-repo.spring.io-0-0] INFO  o.e.m.c.i.e.AbstractTransferListenerAdapter - Downloading https://repo.spring.io/snapshot/org/springframework/boot/spring-boot-test/4.0.0-SNAPSHOT/spring-boot-test-4.0.0-20251028.172321-711.jar
2025-10-28 19:31:07,344 [BasicRepositoryConnector-repo.spring.io-0-2] INFO  o.e.m.c.i.e.AbstractTransferListenerAdapter - Downloaded https://repo.spring.io/snapshot/org/springframework/boot/spring-boot-test-autoconfigure/4.0.0-SNAPSHOT/spring-boot-test-autoconfigure-4.0.0-20251028.172321-711.jar
2025-10-28 19:31:07,422 [BasicRepositoryConnector-repo.spring.io-0-1] INFO  o.e.m.c.i.e.AbstractTransferListenerAdapter - Downloaded https://repo.spring.io/snapshot/org/springframework/spring-core/7.0.0-SNAPSHOT/spring-core-7.0.0-20251028.200254-1037.jar
2025-10-28 19:31:07,501 [BasicRepositoryConnector-repo.spring.io-0-0] INFO  o.e.m.c.i.e.AbstractTransferListenerAdapter - Downloaded https://repo.spring.io/snapshot/org/springframework/boot/spring-boot-test/4.0.0-SNAPSHOT/spring-boot-test-4.0.0-20251028.172321-711.jar
2025-10-28 19:31:07,510 [BasicRepositoryConnector-repo.spring.io-0-2] INFO  o.e.m.c.i.e.AbstractTransferListenerAdapter - Downloading https://repo.spring.io/snapshot/org/springframework/boot/spring-boot-starter-jdbc-test/4.0.0-SNAPSHOT/spring-boot-starter-jdbc-test-4.0.0-20251028.172321-144.jar
2025-10-28 19:31:07,514 [BasicRepositoryConnector-repo.spring.io-0-2] INFO  o.e.m.c.i.e.AbstractTransferListenerAdapter - Downloaded https://repo.spring.io/snapshot/org/springframework/boot/spring-boot-starter-jdbc-test/4.0.0-SNAPSHOT/spring-boot-starter-jdbc-test-4.0.0-20251028.172321-144.jar
2025-10-28 19:31:07,588 [BasicRepositoryConnector-repo.spring.io-0-1] INFO  o.e.m.c.i.e.AbstractTransferListenerAdapter - Downloading https://repo.spring.io/snapshot/org/springframework/boot/spring-boot-jdbc-test/4.0.0-SNAPSHOT/spring-boot-jdbc-test-4.0.0-20251028.172321-167.jar
2025-10-28 19:31:07,593 [BasicRepositoryConnector-repo.spring.io-0-1] INFO  o.e.m.c.i.e.AbstractTransferListenerAdapter - Downloaded https://repo.spring.io/snapshot/org/springframework/boot/spring-boot-jdbc-test/4.0.0-SNAPSHOT/spring-boot-jdbc-test-4.0.0-20251028.172321-167.jar
2025-10-28 19:31:07,666 [BasicRepositoryConnector-repo.spring.io-0-0] INFO  o.e.m.c.i.e.AbstractTransferListenerAdapter - Downloading https://repo.spring.io/snapshot/org/springframework/boot/spring-boot-data-jpa-test/4.0.0-SNAPSHOT/spring-boot-data-jpa-test-4.0.0-20251028.172321-167.jar
2025-10-28 19:31:07,677 [BasicRepositoryConnector-repo.spring.io-0-0] INFO  o.e.m.c.i.e.AbstractTransferListenerAdapter - Downloaded https://repo.spring.io/snapshot/org/springframework/boot/spring-boot-data-jpa-test/4.0.0-SNAPSHOT/spring-boot-data-jpa-test-4.0.0-20251028.172321-167.jar
2025-10-28 19:31:07,678 [BasicRepositoryConnector-repo.spring.io-0-2] INFO  o.e.m.c.i.e.AbstractTransferListenerAdapter - Downloading https://repo.spring.io/snapshot/org/springframework/boot/spring-boot-jpa-test/4.0.0-SNAPSHOT/spring-boot-jpa-test-4.0.0-20251028.172321-167.jar
2025-10-28 19:31:07,686 [BasicRepositoryConnector-repo.spring.io-0-2] INFO  o.e.m.c.i.e.AbstractTransferListenerAdapter - Downloaded https://repo.spring.io/snapshot/org/springframework/boot/spring-boot-jpa-test/4.0.0-SNAPSHOT/spring-boot-jpa-test-4.0.0-20251028.172321-167.jar
2025-10-28 19:31:07,720 [BasicRepositoryConnector-repo.spring.io-0-4] INFO  o.e.m.c.i.e.AbstractTransferListenerAdapter - Downloading https://repo.spring.io/snapshot/org/springframework/spring-test/7.0.0-SNAPSHOT/spring-test-7.0.0-20251028.200254-1037.jar
2025-10-28 19:31:07,763 [BasicRepositoryConnector-repo.spring.io-0-1] INFO  o.e.m.c.i.e.AbstractTransferListenerAdapter - Downloading https://repo.spring.io/snapshot/org/springframework/boot/spring-boot-starter-validation-test/4.0.0-SNAPSHOT/spring-boot-starter-validation-test-4.0.0-20251028.172321-144.jar
2025-10-28 19:31:07,767 [BasicRepositoryConnector-repo.spring.io-0-1] INFO  o.e.m.c.i.e.AbstractTransferListenerAdapter - Downloaded https://repo.spring.io/snapshot/org/springframework/boot/spring-boot-starter-validation-test/4.0.0-SNAPSHOT/spring-boot-starter-validation-test-4.0.0-20251028.172321-144.jar
2025-10-28 19:31:07,846 [BasicRepositoryConnector-repo.spring.io-0-0] INFO  o.e.m.c.i.e.AbstractTransferListenerAdapter - Downloading https://repo.spring.io/snapshot/org/springframework/boot/spring-boot-starter-webmvc-test/4.0.0-SNAPSHOT/spring-boot-starter-webmvc-test-4.0.0-20251028.172321-144.jar
2025-10-28 19:31:07,851 [BasicRepositoryConnector-repo.spring.io-0-0] INFO  o.e.m.c.i.e.AbstractTransferListenerAdapter - Downloaded https://repo.spring.io/snapshot/org/springframework/boot/spring-boot-starter-webmvc-test/4.0.0-SNAPSHOT/spring-boot-starter-webmvc-test-4.0.0-20251028.172321-144.jar
2025-10-28 19:31:07,851 [BasicRepositoryConnector-repo.spring.io-0-2] INFO  o.e.m.c.i.e.AbstractTransferListenerAdapter - Downloading https://repo.spring.io/snapshot/org/springframework/boot/spring-boot-starter-jackson-test/4.0.0-SNAPSHOT/spring-boot-starter-jackson-test-4.0.0-20251028.172321-144.jar
2025-10-28 19:31:07,858 [BasicRepositoryConnector-repo.spring.io-0-2] INFO  o.e.m.c.i.e.AbstractTransferListenerAdapter - Downloaded https://repo.spring.io/snapshot/org/springframework/boot/spring-boot-starter-jackson-test/4.0.0-SNAPSHOT/spring-boot-starter-jackson-test-4.0.0-20251028.172321-144.jar
2025-10-28 19:31:07,934 [BasicRepositoryConnector-repo.spring.io-0-1] INFO  o.e.m.c.i.e.AbstractTransferListenerAdapter - Downloading https://repo.spring.io/snapshot/org/springframework/boot/spring-boot-webmvc-test/4.0.0-SNAPSHOT/spring-boot-webmvc-test-4.0.0-20251028.172321-167.jar
2025-10-28 19:31:07,948 [BasicRepositoryConnector-repo.spring.io-0-3] INFO  o.e.m.c.i.e.AbstractTransferListenerAdapter - Downloaded https://repo.spring.io/snapshot/org/springframework/spring-context/7.0.0-SNAPSHOT/spring-context-7.0.0-20251028.200254-1037.jar
2025-10-28 19:31:07,950 [BasicRepositoryConnector-repo.spring.io-0-1] INFO  o.e.m.c.i.e.AbstractTransferListenerAdapter - Downloaded https://repo.spring.io/snapshot/org/springframework/boot/spring-boot-webmvc-test/4.0.0-SNAPSHOT/spring-boot-webmvc-test-4.0.0-20251028.172321-167.jar
2025-10-28 19:31:08,016 [BasicRepositoryConnector-repo.spring.io-0-0] INFO  o.e.m.c.i.e.AbstractTransferListenerAdapter - Downloading https://repo.spring.io/snapshot/org/springframework/boot/spring-boot-web-server/4.0.0-SNAPSHOT/spring-boot-web-server-4.0.0-20251028.172321-468.jar
2025-10-28 19:31:08,022 [BasicRepositoryConnector-repo.spring.io-0-2] INFO  o.e.m.c.i.e.AbstractTransferListenerAdapter - Downloading https://repo.spring.io/snapshot/org/springframework/boot/spring-boot-resttestclient/4.0.0-SNAPSHOT/spring-boot-resttestclient-4.0.0-20251028.172321-106.jar
2025-10-28 19:31:08,028 [BasicRepositoryConnector-repo.spring.io-0-2] INFO  o.e.m.c.i.e.AbstractTransferListenerAdapter - Downloaded https://repo.spring.io/snapshot/org/springframework/boot/spring-boot-resttestclient/4.0.0-SNAPSHOT/spring-boot-resttestclient-4.0.0-20251028.172321-106.jar
2025-10-28 19:31:08,113 [BasicRepositoryConnector-repo.spring.io-0-3] INFO  o.e.m.c.i.e.AbstractTransferListenerAdapter - Downloading https://repo.spring.io/snapshot/org/springframework/boot/spring-boot-restclient/4.0.0-SNAPSHOT/spring-boot-restclient-4.0.0-20251028.172321-453.jar
2025-10-28 19:31:08,118 [BasicRepositoryConnector-repo.spring.io-0-3] INFO  o.e.m.c.i.e.AbstractTransferListenerAdapter - Downloaded https://repo.spring.io/snapshot/org/springframework/boot/spring-boot-restclient/4.0.0-SNAPSHOT/spring-boot-restclient-4.0.0-20251028.172321-453.jar
2025-10-28 19:31:08,122 [BasicRepositoryConnector-repo.spring.io-0-1] INFO  o.e.m.c.i.e.AbstractTransferListenerAdapter - Downloading https://repo.spring.io/snapshot/org/springframework/boot/spring-boot-http-client/4.0.0-SNAPSHOT/spring-boot-http-client-4.0.0-20251028.172321-463.jar
2025-10-28 19:31:08,340 [BasicRepositoryConnector-repo.spring.io-0-0] INFO  o.e.m.c.i.e.AbstractTransferListenerAdapter - Downloaded https://repo.spring.io/snapshot/org/springframework/boot/spring-boot-web-server/4.0.0-SNAPSHOT/spring-boot-web-server-4.0.0-20251028.172321-468.jar
2025-10-28 19:31:08,606 [BasicRepositoryConnector-repo.spring.io-0-1] INFO  o.e.m.c.i.e.AbstractTransferListenerAdapter - Downloaded https://repo.spring.io/snapshot/org/springframework/boot/spring-boot-http-client/4.0.0-SNAPSHOT/spring-boot-http-client-4.0.0-20251028.172321-463.jar
2025-10-28 19:31:09,246 [BasicRepositoryConnector-repo.spring.io-0-4] INFO  o.e.m.c.i.e.AbstractTransferListenerAdapter - Downloaded https://repo.spring.io/snapshot/org/springframework/spring-test/7.0.0-SNAPSHOT/spring-test-7.0.0-20251028.200254-1037.jar
2025-10-28 19:31:10,497 [Worker-22: Importing Maven projects] INFO  o.e.m.j.i.AbstractJavaProjectConfigurator - Adding source folder /backend/src/main/java
2025-10-28 19:31:10,499 [Worker-22: Importing Maven projects] INFO  o.e.m.j.i.AbstractJavaProjectConfigurator - Adding resource folder /backend/src/main/resources
2025-10-28 19:31:10,504 [Worker-22: Importing Maven projects] INFO  o.e.m.j.i.AbstractJavaProjectConfigurator - Adding resource folder /backend/src/main/resources
2025-10-28 19:31:10,507 [Worker-22: Importing Maven projects] INFO  o.e.m.j.i.AbstractJavaProjectConfigurator - Adding source folder /backend/src/test/java
2025-10-28 19:31:10,509 [Worker-22: Importing Maven projects] INFO  o.e.m.j.i.AbstractJavaProjectConfigurator - Adding resource folder /backend/src/test/resources
2025-10-28 19:31:11,685 [Worker-19: Download sources and javadoc] INFO  o.e.m.c.i.e.AbstractTransferListenerAdapter - Downloading https://repo.spring.io/snapshot/org/springframework/boot/spring-boot-starter-data-jpa/4.0.0-SNAPSHOT/spring-boot-starter-data-jpa-4.0.0-20251028.172321-711-sources.jar
2025-10-28 19:31:11,691 [Worker-19: Download sources and javadoc] INFO  o.e.m.c.i.e.AbstractTransferListenerAdapter - Downloaded https://repo.spring.io/snapshot/org/springframework/boot/spring-boot-starter-data-jpa/4.0.0-SNAPSHOT/spring-boot-starter-data-jpa-4.0.0-20251028.172321-711-sources.jar
2025-10-28 19:31:11,698 [Worker-19: Download sources and javadoc] INFO  o.e.m.j.internal.DownloadSourcesJob - Downloaded sources for org.springframework.boot:spring-boot-starter-data-jpa:4.0.0-SNAPSHOT
2025-10-28 19:31:11,784 [Worker-22: Importing Maven projects] INFO  o.e.m.c.i.p.ProjectConfigurationManager - Imported and configured 1 project(s) in 40 sec
2025-10-28 19:31:12,357 [Worker-19: Download sources and javadoc] INFO  o.e.m.c.i.e.AbstractTransferListenerAdapter - Downloading https://repo.spring.io/snapshot/org/springframework/boot/spring-boot-starter/4.0.0-SNAPSHOT/spring-boot-starter-4.0.0-20251028.172321-711-sources.jar
2025-10-28 19:31:12,364 [Worker-19: Download sources and javadoc] INFO  o.e.m.c.i.e.AbstractTransferListenerAdapter - Downloaded https://repo.spring.io/snapshot/org/springframework/boot/spring-boot-starter/4.0.0-SNAPSHOT/spring-boot-starter-4.0.0-20251028.172321-711-sources.jar
2025-10-28 19:31:12,371 [Worker-19: Download sources and javadoc] INFO  o.e.m.j.internal.DownloadSourcesJob - Downloaded sources for org.springframework.boot:spring-boot-starter:4.0.0-SNAPSHOT
2025-10-28 19:31:12,755 [Worker-22: Building] INFO  o.a.m.s.f.DefaultMavenResourcesFiltering - Copying 1 resource from src\main\resources to target\classes
2025-10-28 19:31:12,779 [Worker-22: Building] INFO  o.a.m.s.f.DefaultMavenResourcesFiltering - Copying 0 resource from src\main\resources to target\classes
2025-10-28 19:31:12,786 [Worker-22: Building] INFO  o.a.m.s.f.DefaultMavenResourcesFiltering - skip non existing resourceDirectory C:\Users\Nathan\Desktop\backend\src\test\resources
2025-10-28 19:31:12,879 [Worker-19: Download sources and javadoc] INFO  o.e.m.c.i.e.AbstractTransferListenerAdapter - Downloading https://repo.spring.io/snapshot/org/springframework/boot/spring-boot-starter-logging/4.0.0-SNAPSHOT/spring-boot-starter-logging-4.0.0-20251028.172321-711-sources.jar
2025-10-28 19:31:12,895 [Worker-19: Download sources and javadoc] INFO  o.e.m.c.i.e.AbstractTransferListenerAdapter - Downloaded https://repo.spring.io/snapshot/org/springframework/boot/spring-boot-starter-logging/4.0.0-SNAPSHOT/spring-boot-starter-logging-4.0.0-20251028.172321-711-sources.jar
2025-10-28 19:31:12,901 [Worker-19: Download sources and javadoc] INFO  o.e.m.j.internal.DownloadSourcesJob - Downloaded sources for org.springframework.boot:spring-boot-starter-logging:4.0.0-SNAPSHOT
2025-10-28 19:31:13,560 [Worker-19: Download sources and javadoc] INFO  o.e.m.c.i.e.AbstractTransferListenerAdapter - Downloading https://repo.spring.io/snapshot/org/springframework/boot/spring-boot-starter-jdbc/4.0.0-SNAPSHOT/spring-boot-starter-jdbc-4.0.0-20251028.172321-711-sources.jar
2025-10-28 19:31:13,566 [Worker-19: Download sources and javadoc] INFO  o.e.m.c.i.e.AbstractTransferListenerAdapter - Downloaded https://repo.spring.io/snapshot/org/springframework/boot/spring-boot-starter-jdbc/4.0.0-SNAPSHOT/spring-boot-starter-jdbc-4.0.0-20251028.172321-711-sources.jar
2025-10-28 19:31:13,574 [Worker-19: Download sources and javadoc] INFO  o.e.m.j.internal.DownloadSourcesJob - Downloaded sources for org.springframework.boot:spring-boot-starter-jdbc:4.0.0-SNAPSHOT
2025-10-28 19:31:14,235 [Worker-19: Download sources and javadoc] INFO  o.e.m.c.i.e.AbstractTransferListenerAdapter - Downloading https://repo.spring.io/snapshot/org/springframework/boot/spring-boot-data-jpa/4.0.0-SNAPSHOT/spring-boot-data-jpa-4.0.0-20251028.172321-518-sources.jar
2025-10-28 19:31:14,394 [Worker-19: Download sources and javadoc] INFO  o.e.m.c.i.e.AbstractTransferListenerAdapter - Downloaded https://repo.spring.io/snapshot/org/springframework/boot/spring-boot-data-jpa/4.0.0-SNAPSHOT/spring-boot-data-jpa-4.0.0-20251028.172321-518-sources.jar
2025-10-28 19:31:14,401 [Worker-19: Download sources and javadoc] INFO  o.e.m.j.internal.DownloadSourcesJob - Downloaded sources for org.springframework.boot:spring-boot-data-jpa:4.0.0-SNAPSHOT
2025-10-28 19:31:15,059 [Worker-19: Download sources and javadoc] INFO  o.e.m.c.i.e.AbstractTransferListenerAdapter - Downloading https://repo.spring.io/snapshot/org/springframework/boot/spring-boot-data-commons/4.0.0-SNAPSHOT/spring-boot-data-commons-4.0.0-20251028.172321-453-sources.jar
2025-10-28 19:31:15,214 [Worker-19: Download sources and javadoc] INFO  o.e.m.c.i.e.AbstractTransferListenerAdapter - Downloaded https://repo.spring.io/snapshot/org/springframework/boot/spring-boot-data-commons/4.0.0-SNAPSHOT/spring-boot-data-commons-4.0.0-20251028.172321-453-sources.jar
2025-10-28 19:31:15,218 [Worker-19: Download sources and javadoc] INFO  o.e.m.j.internal.DownloadSourcesJob - Downloaded sources for org.springframework.boot:spring-boot-data-commons:4.0.0-SNAPSHOT
2025-10-28 19:31:15,871 [Worker-19: Download sources and javadoc] INFO  o.e.m.c.i.e.AbstractTransferListenerAdapter - Downloading https://repo.spring.io/snapshot/org/springframework/boot/spring-boot-persistence/4.0.0-SNAPSHOT/spring-boot-persistence-4.0.0-20251028.172321-196-sources.jar
2025-10-28 19:31:16,028 [Worker-19: Download sources and javadoc] INFO  o.e.m.c.i.e.AbstractTransferListenerAdapter - Downloaded https://repo.spring.io/snapshot/org/springframework/boot/spring-boot-persistence/4.0.0-SNAPSHOT/spring-boot-persistence-4.0.0-20251028.172321-196-sources.jar
2025-10-28 19:31:16,034 [Worker-19: Download sources and javadoc] INFO  o.e.m.j.internal.DownloadSourcesJob - Downloaded sources for org.springframework.boot:spring-boot-persistence:4.0.0-SNAPSHOT
2025-10-28 19:31:17,341 [Worker-19: Download sources and javadoc] INFO  o.e.m.c.i.e.AbstractTransferListenerAdapter - Downloading https://repo.spring.io/snapshot/org/springframework/data/spring-data-commons/4.0.0-SNAPSHOT/spring-data-commons-4.0.0-20251028.192730-357-sources.jar
2025-10-28 19:31:18,332 [Worker-19: Download sources and javadoc] INFO  o.e.m.c.i.e.AbstractTransferListenerAdapter - Downloaded https://repo.spring.io/snapshot/org/springframework/data/spring-data-commons/4.0.0-SNAPSHOT/spring-data-commons-4.0.0-20251028.192730-357-sources.jar
2025-10-28 19:31:18,340 [Worker-19: Download sources and javadoc] INFO  o.e.m.j.internal.DownloadSourcesJob - Downloaded sources for org.springframework.data:spring-data-commons:4.0.0-SNAPSHOT
2025-10-28 19:31:19,003 [Worker-19: Download sources and javadoc] INFO  o.e.m.c.i.e.AbstractTransferListenerAdapter - Downloading https://repo.spring.io/snapshot/org/springframework/boot/spring-boot-hibernate/4.0.0-SNAPSHOT/spring-boot-hibernate-4.0.0-20251028.172321-453-sources.jar
2025-10-28 19:31:19,168 [Worker-19: Download sources and javadoc] INFO  o.e.m.c.i.e.AbstractTransferListenerAdapter - Downloaded https://repo.spring.io/snapshot/org/springframework/boot/spring-boot-hibernate/4.0.0-SNAPSHOT/spring-boot-hibernate-4.0.0-20251028.172321-453-sources.jar
2025-10-28 19:31:19,176 [Worker-19: Download sources and javadoc] INFO  o.e.m.j.internal.DownloadSourcesJob - Downloaded sources for org.springframework.boot:spring-boot-hibernate:4.0.0-SNAPSHOT
2025-10-28 19:31:20,020 [Worker-19: Download sources and javadoc] INFO  o.e.m.c.i.e.AbstractTransferListenerAdapter - Downloading https://repo.spring.io/snapshot/org/springframework/boot/spring-boot-jpa/4.0.0-SNAPSHOT/spring-boot-jpa-4.0.0-20251028.172321-518-sources.jar
2025-10-28 19:31:20,184 [Worker-19: Download sources and javadoc] INFO  o.e.m.c.i.e.AbstractTransferListenerAdapter - Downloaded https://repo.spring.io/snapshot/org/springframework/boot/spring-boot-jpa/4.0.0-SNAPSHOT/spring-boot-jpa-4.0.0-20251028.172321-518-sources.jar
2025-10-28 19:31:20,194 [Worker-19: Download sources and javadoc] INFO  o.e.m.j.internal.DownloadSourcesJob - Downloaded sources for org.springframework.boot:spring-boot-jpa:4.0.0-SNAPSHOT
2025-10-28 19:31:20,850 [Worker-19: Download sources and javadoc] INFO  o.e.m.c.i.e.AbstractTransferListenerAdapter - Downloading https://repo.spring.io/snapshot/org/springframework/spring-orm/7.0.0-SNAPSHOT/spring-orm-7.0.0-20251028.200254-1037-sources.jar
2025-10-28 19:31:21,475 [Worker-19: Download sources and javadoc] INFO  o.e.m.c.i.e.AbstractTransferListenerAdapter - Downloaded https://repo.spring.io/snapshot/org/springframework/spring-orm/7.0.0-SNAPSHOT/spring-orm-7.0.0-20251028.200254-1037-sources.jar
2025-10-28 19:31:21,481 [Worker-19: Download sources and javadoc] INFO  o.e.m.j.internal.DownloadSourcesJob - Downloaded sources for org.springframework:spring-orm:7.0.0-SNAPSHOT
2025-10-28 19:31:22,516 [Worker-19: Download sources and javadoc] INFO  o.e.m.c.i.e.AbstractTransferListenerAdapter - Downloading https://repo.spring.io/snapshot/org/springframework/data/spring-data-jpa/4.0.0-SNAPSHOT/spring-data-jpa-4.0.0-20251028.195157-456-sources.jar
2025-10-28 19:31:23,489 [Worker-19: Download sources and javadoc] INFO  o.e.m.c.i.e.AbstractTransferListenerAdapter - Downloaded https://repo.spring.io/snapshot/org/springframework/data/spring-data-jpa/4.0.0-SNAPSHOT/spring-data-jpa-4.0.0-20251028.195157-456-sources.jar
2025-10-28 19:31:23,498 [Worker-19: Download sources and javadoc] INFO  o.e.m.j.internal.DownloadSourcesJob - Downloaded sources for org.springframework.data:spring-data-jpa:4.0.0-SNAPSHOT
2025-10-28 19:31:24,565 [Worker-19: Download sources and javadoc] INFO  o.e.m.c.i.e.AbstractTransferListenerAdapter - Downloading https://repo.spring.io/snapshot/org/springframework/spring-aop/7.0.0-SNAPSHOT/spring-aop-7.0.0-20251028.200254-1037-sources.jar
2025-10-28 19:31:25,373 [Worker-19: Download sources and javadoc] INFO  o.e.m.c.i.e.AbstractTransferListenerAdapter - Downloaded https://repo.spring.io/snapshot/org/springframework/spring-aop/7.0.0-SNAPSHOT/spring-aop-7.0.0-20251028.200254-1037-sources.jar
2025-10-28 19:31:25,378 [Worker-19: Download sources and javadoc] INFO  o.e.m.j.internal.DownloadSourcesJob - Downloaded sources for org.springframework:spring-aop:7.0.0-SNAPSHOT
2025-10-28 19:31:26,577 [Worker-19: Download sources and javadoc] INFO  o.e.m.c.i.e.AbstractTransferListenerAdapter - Downloading https://repo.spring.io/snapshot/org/springframework/spring-tx/7.0.0-SNAPSHOT/spring-tx-7.0.0-20251028.200254-1037-sources.jar
2025-10-28 19:31:27,237 [Worker-19: Download sources and javadoc] INFO  o.e.m.c.i.e.AbstractTransferListenerAdapter - Downloaded https://repo.spring.io/snapshot/org/springframework/spring-tx/7.0.0-SNAPSHOT/spring-tx-7.0.0-20251028.200254-1037-sources.jar
2025-10-28 19:31:27,248 [Worker-19: Download sources and javadoc] INFO  o.e.m.j.internal.DownloadSourcesJob - Downloaded sources for org.springframework:spring-tx:7.0.0-SNAPSHOT
2025-10-28 19:31:28,539 [Worker-19: Download sources and javadoc] INFO  o.e.m.c.i.e.AbstractTransferListenerAdapter - Downloading https://repo.spring.io/snapshot/org/springframework/spring-beans/7.0.0-SNAPSHOT/spring-beans-7.0.0-20251028.200254-1037-sources.jar
2025-10-28 19:31:29,661 [Worker-19: Download sources and javadoc] INFO  o.e.m.c.i.e.AbstractTransferListenerAdapter - Downloaded https://repo.spring.io/snapshot/org/springframework/spring-beans/7.0.0-SNAPSHOT/spring-beans-7.0.0-20251028.200254-1037-sources.jar
2025-10-28 19:31:29,666 [Worker-19: Download sources and javadoc] INFO  o.e.m.j.internal.DownloadSourcesJob - Downloaded sources for org.springframework:spring-beans:7.0.0-SNAPSHOT
2025-10-28 19:31:30,336 [Worker-19: Download sources and javadoc] INFO  o.e.m.c.i.e.AbstractTransferListenerAdapter - Downloading https://repo.spring.io/snapshot/org/springframework/spring-aspects/7.0.0-SNAPSHOT/spring-aspects-7.0.0-20251028.200254-1037-sources.jar
2025-10-28 19:31:30,502 [Worker-19: Download sources and javadoc] INFO  o.e.m.c.i.e.AbstractTransferListenerAdapter - Downloaded https://repo.spring.io/snapshot/org/springframework/spring-aspects/7.0.0-SNAPSHOT/spring-aspects-7.0.0-20251028.200254-1037-sources.jar
2025-10-28 19:31:30,514 [Worker-19: Download sources and javadoc] INFO  o.e.m.j.internal.DownloadSourcesJob - Downloaded sources for org.springframework:spring-aspects:7.0.0-SNAPSHOT
2025-10-28 19:31:31,181 [Worker-19: Download sources and javadoc] INFO  o.e.m.c.i.e.AbstractTransferListenerAdapter - Downloading https://repo.spring.io/snapshot/org/springframework/boot/spring-boot-jdbc/4.0.0-SNAPSHOT/spring-boot-jdbc-4.0.0-20251028.172321-532-sources.jar
2025-10-28 19:31:31,657 [Worker-19: Download sources and javadoc] INFO  o.e.m.c.i.e.AbstractTransferListenerAdapter - Downloaded https://repo.spring.io/snapshot/org/springframework/boot/spring-boot-jdbc/4.0.0-SNAPSHOT/spring-boot-jdbc-4.0.0-20251028.172321-532-sources.jar
2025-10-28 19:31:31,664 [Worker-19: Download sources and javadoc] INFO  o.e.m.j.internal.DownloadSourcesJob - Downloaded sources for org.springframework.boot:spring-boot-jdbc:4.0.0-SNAPSHOT
2025-10-28 19:31:32,404 [Worker-19: Download sources and javadoc] INFO  o.e.m.c.i.e.AbstractTransferListenerAdapter - Downloading https://repo.spring.io/snapshot/org/springframework/boot/spring-boot-sql/4.0.0-SNAPSHOT/spring-boot-sql-4.0.0-20251028.172321-481-sources.jar
2025-10-28 19:31:32,728 [Worker-19: Download sources and javadoc] INFO  o.e.m.c.i.e.AbstractTransferListenerAdapter - Downloaded https://repo.spring.io/snapshot/org/springframework/boot/spring-boot-sql/4.0.0-SNAPSHOT/spring-boot-sql-4.0.0-20251028.172321-481-sources.jar
2025-10-28 19:31:32,747 [Worker-19: Download sources and javadoc] INFO  o.e.m.j.internal.DownloadSourcesJob - Downloaded sources for org.springframework.boot:spring-boot-sql:4.0.0-SNAPSHOT
2025-10-28 19:31:33,421 [Worker-19: Download sources and javadoc] INFO  o.e.m.c.i.e.AbstractTransferListenerAdapter - Downloading https://repo.spring.io/snapshot/org/springframework/boot/spring-boot-transaction/4.0.0-SNAPSHOT/spring-boot-transaction-4.0.0-20251028.172321-77-sources.jar
2025-10-28 19:31:33,582 [Worker-19: Download sources and javadoc] INFO  o.e.m.c.i.e.AbstractTransferListenerAdapter - Downloaded https://repo.spring.io/snapshot/org/springframework/boot/spring-boot-transaction/4.0.0-SNAPSHOT/spring-boot-transaction-4.0.0-20251028.172321-77-sources.jar
2025-10-28 19:31:33,592 [Worker-19: Download sources and javadoc] INFO  o.e.m.j.internal.DownloadSourcesJob - Downloaded sources for org.springframework.boot:spring-boot-transaction:4.0.0-SNAPSHOT
2025-10-28 19:31:34,662 [Worker-19: Download sources and javadoc] INFO  o.e.m.c.i.e.AbstractTransferListenerAdapter - Downloading https://repo.spring.io/snapshot/org/springframework/spring-jdbc/7.0.0-SNAPSHOT/spring-jdbc-7.0.0-20251028.200254-1037-sources.jar
2025-10-28 19:31:36,170 [Worker-19: Download sources and javadoc] INFO  o.e.m.c.i.e.AbstractTransferListenerAdapter - Downloaded https://repo.spring.io/snapshot/org/springframework/spring-jdbc/7.0.0-SNAPSHOT/spring-jdbc-7.0.0-20251028.200254-1037-sources.jar
2025-10-28 19:31:36,181 [Worker-19: Download sources and javadoc] INFO  o.e.m.j.internal.DownloadSourcesJob - Downloaded sources for org.springframework:spring-jdbc:7.0.0-SNAPSHOT
2025-10-28 19:31:36,851 [Worker-19: Download sources and javadoc] INFO  o.e.m.c.i.e.AbstractTransferListenerAdapter - Downloading https://repo.spring.io/snapshot/org/springframework/boot/spring-boot-starter-validation/4.0.0-SNAPSHOT/spring-boot-starter-validation-4.0.0-20251028.172321-711-sources.jar
2025-10-28 19:31:36,868 [Worker-19: Download sources and javadoc] INFO  o.e.m.c.i.e.AbstractTransferListenerAdapter - Downloaded https://repo.spring.io/snapshot/org/springframework/boot/spring-boot-starter-validation/4.0.0-SNAPSHOT/spring-boot-starter-validation-4.0.0-20251028.172321-711-sources.jar
2025-10-28 19:31:36,878 [Worker-19: Download sources and javadoc] INFO  o.e.m.j.internal.DownloadSourcesJob - Downloaded sources for org.springframework.boot:spring-boot-starter-validation:4.0.0-SNAPSHOT
2025-10-28 19:31:37,378 [Worker-19: Download sources and javadoc] INFO  o.e.m.c.i.e.AbstractTransferListenerAdapter - Downloading https://repo.spring.io/snapshot/org/springframework/boot/spring-boot-validation/4.0.0-SNAPSHOT/spring-boot-validation-4.0.0-20251028.172321-530-sources.jar
2025-10-28 19:31:37,545 [Worker-19: Download sources and javadoc] INFO  o.e.m.c.i.e.AbstractTransferListenerAdapter - Downloaded https://repo.spring.io/snapshot/org/springframework/boot/spring-boot-validation/4.0.0-SNAPSHOT/spring-boot-validation-4.0.0-20251028.172321-530-sources.jar
2025-10-28 19:31:37,569 [Worker-19: Download sources and javadoc] INFO  o.e.m.j.internal.DownloadSourcesJob - Downloaded sources for org.springframework.boot:spring-boot-validation:4.0.0-SNAPSHOT
2025-10-28 19:31:38,071 [Worker-19: Download sources and javadoc] INFO  o.e.m.c.i.e.AbstractTransferListenerAdapter - Downloading https://repo.spring.io/snapshot/org/springframework/boot/spring-boot-starter-webmvc/4.0.0-SNAPSHOT/spring-boot-starter-webmvc-4.0.0-20251028.172321-395-sources.jar
2025-10-28 19:31:38,079 [Worker-19: Download sources and javadoc] INFO  o.e.m.c.i.e.AbstractTransferListenerAdapter - Downloaded https://repo.spring.io/snapshot/org/springframework/boot/spring-boot-starter-webmvc/4.0.0-SNAPSHOT/spring-boot-starter-webmvc-4.0.0-20251028.172321-395-sources.jar
2025-10-28 19:31:38,086 [Worker-19: Download sources and javadoc] INFO  o.e.m.j.internal.DownloadSourcesJob - Downloaded sources for org.springframework.boot:spring-boot-starter-webmvc:4.0.0-SNAPSHOT
2025-10-28 19:31:38,741 [Worker-19: Download sources and javadoc] INFO  o.e.m.c.i.e.AbstractTransferListenerAdapter - Downloading https://repo.spring.io/snapshot/org/springframework/boot/spring-boot-starter-jackson/4.0.0-SNAPSHOT/spring-boot-starter-jackson-4.0.0-20251028.172321-395-sources.jar
2025-10-28 19:31:38,758 [Worker-19: Download sources and javadoc] INFO  o.e.m.c.i.e.AbstractTransferListenerAdapter - Downloaded https://repo.spring.io/snapshot/org/springframework/boot/spring-boot-starter-jackson/4.0.0-SNAPSHOT/spring-boot-starter-jackson-4.0.0-20251028.172321-395-sources.jar
2025-10-28 19:31:38,767 [Worker-19: Download sources and javadoc] INFO  o.e.m.j.internal.DownloadSourcesJob - Downloaded sources for org.springframework.boot:spring-boot-starter-jackson:4.0.0-SNAPSHOT
2025-10-28 19:31:39,428 [Worker-19: Download sources and javadoc] INFO  o.e.m.c.i.e.AbstractTransferListenerAdapter - Downloading https://repo.spring.io/snapshot/org/springframework/boot/spring-boot-jackson/4.0.0-SNAPSHOT/spring-boot-jackson-4.0.0-20251028.172321-538-sources.jar
2025-10-28 19:31:39,908 [Worker-19: Download sources and javadoc] INFO  o.e.m.c.i.e.AbstractTransferListenerAdapter - Downloaded https://repo.spring.io/snapshot/org/springframework/boot/spring-boot-jackson/4.0.0-SNAPSHOT/spring-boot-jackson-4.0.0-20251028.172321-538-sources.jar
2025-10-28 19:31:39,912 [Worker-19: Download sources and javadoc] INFO  o.e.m.j.internal.DownloadSourcesJob - Downloaded sources for org.springframework.boot:spring-boot-jackson:4.0.0-SNAPSHOT
2025-10-28 19:31:40,411 [Worker-19: Download sources and javadoc] INFO  o.e.m.c.i.e.AbstractTransferListenerAdapter - Downloading https://repo.spring.io/snapshot/org/springframework/boot/spring-boot-starter-tomcat/4.0.0-SNAPSHOT/spring-boot-starter-tomcat-4.0.0-20251028.172321-711-sources.jar
2025-10-28 19:31:40,428 [Worker-19: Download sources and javadoc] INFO  o.e.m.c.i.e.AbstractTransferListenerAdapter - Downloaded https://repo.spring.io/snapshot/org/springframework/boot/spring-boot-starter-tomcat/4.0.0-SNAPSHOT/spring-boot-starter-tomcat-4.0.0-20251028.172321-711-sources.jar
2025-10-28 19:31:40,438 [Worker-19: Download sources and javadoc] INFO  o.e.m.j.internal.DownloadSourcesJob - Downloaded sources for org.springframework.boot:spring-boot-starter-tomcat:4.0.0-SNAPSHOT
2025-10-28 19:31:41,091 [Worker-19: Download sources and javadoc] INFO  o.e.m.c.i.e.AbstractTransferListenerAdapter - Downloading https://repo.spring.io/snapshot/org/springframework/boot/spring-boot-tomcat/4.0.0-SNAPSHOT/spring-boot-tomcat-4.0.0-20251028.172321-549-sources.jar
2025-10-28 19:31:41,426 [Worker-19: Download sources and javadoc] INFO  o.e.m.c.i.e.AbstractTransferListenerAdapter - Downloaded https://repo.spring.io/snapshot/org/springframework/boot/spring-boot-tomcat/4.0.0-SNAPSHOT/spring-boot-tomcat-4.0.0-20251028.172321-549-sources.jar
2025-10-28 19:31:41,436 [Worker-19: Download sources and javadoc] INFO  o.e.m.j.internal.DownloadSourcesJob - Downloaded sources for org.springframework.boot:spring-boot-tomcat:4.0.0-SNAPSHOT
2025-10-28 19:31:42,102 [Worker-19: Download sources and javadoc] INFO  o.e.m.c.i.e.AbstractTransferListenerAdapter - Downloading https://repo.spring.io/snapshot/org/springframework/boot/spring-boot-tomcat-runtime/4.0.0-SNAPSHOT/spring-boot-tomcat-runtime-4.0.0-20251028.172321-37-sources.jar
2025-10-28 19:31:42,106 [Worker-19: Download sources and javadoc] INFO  o.e.m.c.i.e.AbstractTransferListenerAdapter - Downloaded https://repo.spring.io/snapshot/org/springframework/boot/spring-boot-tomcat-runtime/4.0.0-SNAPSHOT/spring-boot-tomcat-runtime-4.0.0-20251028.172321-37-sources.jar
2025-10-28 19:31:42,110 [Worker-19: Download sources and javadoc] INFO  o.e.m.j.internal.DownloadSourcesJob - Downloaded sources for org.springframework.boot:spring-boot-tomcat-runtime:4.0.0-SNAPSHOT
2025-10-28 19:31:42,764 [Worker-19: Download sources and javadoc] INFO  o.e.m.c.i.e.AbstractTransferListenerAdapter - Downloading https://repo.spring.io/snapshot/org/springframework/boot/spring-boot-http-converter/4.0.0-SNAPSHOT/spring-boot-http-converter-4.0.0-20251028.172321-463-sources.jar
2025-10-28 19:31:42,935 [Worker-19: Download sources and javadoc] INFO  o.e.m.c.i.e.AbstractTransferListenerAdapter - Downloaded https://repo.spring.io/snapshot/org/springframework/boot/spring-boot-http-converter/4.0.0-SNAPSHOT/spring-boot-http-converter-4.0.0-20251028.172321-463-sources.jar
2025-10-28 19:31:42,947 [Worker-19: Download sources and javadoc] INFO  o.e.m.j.internal.DownloadSourcesJob - Downloaded sources for org.springframework.boot:spring-boot-http-converter:4.0.0-SNAPSHOT
2025-10-28 19:31:44,261 [Worker-19: Download sources and javadoc] INFO  o.e.m.c.i.e.AbstractTransferListenerAdapter - Downloading https://repo.spring.io/snapshot/org/springframework/spring-web/7.0.0-SNAPSHOT/spring-web-7.0.0-20251028.200254-1037-sources.jar
2025-10-28 19:31:45,408 [Worker-19: Download sources and javadoc] INFO  o.e.m.c.i.e.AbstractTransferListenerAdapter - Downloaded https://repo.spring.io/snapshot/org/springframework/spring-web/7.0.0-SNAPSHOT/spring-web-7.0.0-20251028.200254-1037-sources.jar
2025-10-28 19:31:45,417 [Worker-19: Download sources and javadoc] INFO  o.e.m.j.internal.DownloadSourcesJob - Downloaded sources for org.springframework:spring-web:7.0.0-SNAPSHOT
2025-10-28 19:31:46,074 [Worker-19: Download sources and javadoc] INFO  o.e.m.c.i.e.AbstractTransferListenerAdapter - Downloading https://repo.spring.io/snapshot/org/springframework/boot/spring-boot-webmvc/4.0.0-SNAPSHOT/spring-boot-webmvc-4.0.0-20251028.172321-498-sources.jar
2025-10-28 19:31:46,558 [Worker-19: Download sources and javadoc] INFO  o.e.m.c.i.e.AbstractTransferListenerAdapter - Downloaded https://repo.spring.io/snapshot/org/springframework/boot/spring-boot-webmvc/4.0.0-SNAPSHOT/spring-boot-webmvc-4.0.0-20251028.172321-498-sources.jar
2025-10-28 19:31:46,570 [Worker-19: Download sources and javadoc] INFO  o.e.m.j.internal.DownloadSourcesJob - Downloaded sources for org.springframework.boot:spring-boot-webmvc:4.0.0-SNAPSHOT
2025-10-28 19:31:47,064 [Worker-19: Download sources and javadoc] INFO  o.e.m.c.i.e.AbstractTransferListenerAdapter - Downloading https://repo.spring.io/snapshot/org/springframework/boot/spring-boot-servlet/4.0.0-SNAPSHOT/spring-boot-servlet-4.0.0-20251028.172321-453-sources.jar
2025-10-28 19:31:47,392 [Worker-19: Download sources and javadoc] INFO  o.e.m.c.i.e.AbstractTransferListenerAdapter - Downloaded https://repo.spring.io/snapshot/org/springframework/boot/spring-boot-servlet/4.0.0-SNAPSHOT/spring-boot-servlet-4.0.0-20251028.172321-453-sources.jar
2025-10-28 19:31:47,403 [Worker-19: Download sources and javadoc] INFO  o.e.m.j.internal.DownloadSourcesJob - Downloaded sources for org.springframework.boot:spring-boot-servlet:4.0.0-SNAPSHOT
2025-10-28 19:31:48,667 [Worker-19: Download sources and javadoc] INFO  o.e.m.c.i.e.AbstractTransferListenerAdapter - Downloading https://repo.spring.io/snapshot/org/springframework/spring-webmvc/7.0.0-SNAPSHOT/spring-webmvc-7.0.0-20251028.200254-1037-sources.jar
2025-10-28 19:31:49,814 [Worker-19: Download sources and javadoc] INFO  o.e.m.c.i.e.AbstractTransferListenerAdapter - Downloaded https://repo.spring.io/snapshot/org/springframework/spring-webmvc/7.0.0-SNAPSHOT/spring-webmvc-7.0.0-20251028.200254-1037-sources.jar
2025-10-28 19:31:49,826 [Worker-19: Download sources and javadoc] INFO  o.e.m.j.internal.DownloadSourcesJob - Downloaded sources for org.springframework:spring-webmvc:7.0.0-SNAPSHOT
2025-10-28 19:31:51,036 [Worker-19: Download sources and javadoc] INFO  o.e.m.c.i.e.AbstractTransferListenerAdapter - Downloading https://repo.spring.io/snapshot/org/springframework/spring-expression/7.0.0-SNAPSHOT/spring-expression-7.0.0-20251028.200254-1037-sources.jar
2025-10-28 19:31:51,688 [Worker-19: Download sources and javadoc] INFO  o.e.m.c.i.e.AbstractTransferListenerAdapter - Downloaded https://repo.spring.io/snapshot/org/springframework/spring-expression/7.0.0-SNAPSHOT/spring-expression-7.0.0-20251028.200254-1037-sources.jar
2025-10-28 19:31:51,701 [Worker-19: Download sources and javadoc] INFO  o.e.m.j.internal.DownloadSourcesJob - Downloaded sources for org.springframework:spring-expression:7.0.0-SNAPSHOT
2025-10-28 19:31:52,366 [Worker-19: Download sources and javadoc] INFO  o.e.m.c.i.e.AbstractTransferListenerAdapter - Downloading https://repo.spring.io/snapshot/org/springframework/boot/spring-boot-devtools/4.0.0-SNAPSHOT/spring-boot-devtools-4.0.0-20251028.172321-711-sources.jar
2025-10-28 19:31:52,843 [Worker-19: Download sources and javadoc] INFO  o.e.m.c.i.e.AbstractTransferListenerAdapter - Downloaded https://repo.spring.io/snapshot/org/springframework/boot/spring-boot-devtools/4.0.0-SNAPSHOT/spring-boot-devtools-4.0.0-20251028.172321-711-sources.jar
2025-10-28 19:31:52,849 [Worker-19: Download sources and javadoc] INFO  o.e.m.j.internal.DownloadSourcesJob - Downloaded sources for org.springframework.boot:spring-boot-devtools:4.0.0-SNAPSHOT
2025-10-28 19:31:53,932 [Worker-19: Download sources and javadoc] INFO  o.e.m.c.i.e.AbstractTransferListenerAdapter - Downloading https://repo.spring.io/snapshot/org/springframework/boot/spring-boot/4.0.0-SNAPSHOT/spring-boot-4.0.0-20251028.172321-711-sources.jar
2025-10-28 19:31:55,054 [Worker-19: Download sources and javadoc] INFO  o.e.m.c.i.e.AbstractTransferListenerAdapter - Downloaded https://repo.spring.io/snapshot/org/springframework/boot/spring-boot/4.0.0-SNAPSHOT/spring-boot-4.0.0-20251028.172321-711-sources.jar
2025-10-28 19:31:55,060 [Worker-19: Download sources and javadoc] INFO  o.e.m.j.internal.DownloadSourcesJob - Downloaded sources for org.springframework.boot:spring-boot:4.0.0-SNAPSHOT
2025-10-28 19:31:56,165 [Worker-19: Download sources and javadoc] INFO  o.e.m.c.i.e.AbstractTransferListenerAdapter - Downloading https://repo.spring.io/snapshot/org/springframework/spring-core/7.0.0-SNAPSHOT/spring-core-7.0.0-20251028.200254-1037-sources.jar
2025-10-28 19:31:57,327 [Worker-19: Download sources and javadoc] INFO  o.e.m.c.i.e.AbstractTransferListenerAdapter - Downloaded https://repo.spring.io/snapshot/org/springframework/spring-core/7.0.0-SNAPSHOT/spring-core-7.0.0-20251028.200254-1037-sources.jar
2025-10-28 19:31:57,340 [Worker-19: Download sources and javadoc] INFO  o.e.m.j.internal.DownloadSourcesJob - Downloaded sources for org.springframework:spring-core:7.0.0-SNAPSHOT
2025-10-28 19:31:58,416 [Worker-19: Download sources and javadoc] INFO  o.e.m.c.i.e.AbstractTransferListenerAdapter - Downloading https://repo.spring.io/snapshot/org/springframework/spring-context/7.0.0-SNAPSHOT/spring-context-7.0.0-20251028.200254-1037-sources.jar
2025-10-28 19:31:59,388 [Worker-19: Download sources and javadoc] INFO  o.e.m.c.i.e.AbstractTransferListenerAdapter - Downloaded https://repo.spring.io/snapshot/org/springframework/spring-context/7.0.0-SNAPSHOT/spring-context-7.0.0-20251028.200254-1037-sources.jar
2025-10-28 19:31:59,400 [Worker-19: Download sources and javadoc] INFO  o.e.m.j.internal.DownloadSourcesJob - Downloaded sources for org.springframework:spring-context:7.0.0-SNAPSHOT
2025-10-28 19:32:00,689 [Worker-19: Download sources and javadoc] INFO  o.e.m.c.i.e.AbstractTransferListenerAdapter - Downloading https://repo.spring.io/snapshot/org/springframework/boot/spring-boot-autoconfigure/4.0.0-SNAPSHOT/spring-boot-autoconfigure-4.0.0-20251028.172321-711-sources.jar
2025-10-28 19:32:01,351 [Worker-19: Download sources and javadoc] INFO  o.e.m.c.i.e.AbstractTransferListenerAdapter - Downloaded https://repo.spring.io/snapshot/org/springframework/boot/spring-boot-autoconfigure/4.0.0-SNAPSHOT/spring-boot-autoconfigure-4.0.0-20251028.172321-711-sources.jar
2025-10-28 19:32:01,362 [Worker-19: Download sources and javadoc] INFO  o.e.m.j.internal.DownloadSourcesJob - Downloaded sources for org.springframework.boot:spring-boot-autoconfigure:4.0.0-SNAPSHOT
2025-10-28 19:32:02,024 [Worker-19: Download sources and javadoc] INFO  o.e.m.c.i.e.AbstractTransferListenerAdapter - Downloading https://repo.spring.io/snapshot/org/springframework/boot/spring-boot-starter-data-jpa-test/4.0.0-SNAPSHOT/spring-boot-starter-data-jpa-test-4.0.0-20251028.172321-144-sources.jar
2025-10-28 19:32:02,042 [Worker-19: Download sources and javadoc] INFO  o.e.m.c.i.e.AbstractTransferListenerAdapter - Downloaded https://repo.spring.io/snapshot/org/springframework/boot/spring-boot-starter-data-jpa-test/4.0.0-SNAPSHOT/spring-boot-starter-data-jpa-test-4.0.0-20251028.172321-144-sources.jar
2025-10-28 19:32:02,053 [Worker-19: Download sources and javadoc] INFO  o.e.m.j.internal.DownloadSourcesJob - Downloaded sources for org.springframework.boot:spring-boot-starter-data-jpa-test:4.0.0-SNAPSHOT
2025-10-28 19:32:02,716 [Worker-19: Download sources and javadoc] INFO  o.e.m.c.i.e.AbstractTransferListenerAdapter - Downloading https://repo.spring.io/snapshot/org/springframework/boot/spring-boot-starter-test/4.0.0-SNAPSHOT/spring-boot-starter-test-4.0.0-20251028.172321-711-sources.jar
2025-10-28 19:32:02,724 [Worker-19: Download sources and javadoc] INFO  o.e.m.c.i.e.AbstractTransferListenerAdapter - Downloaded https://repo.spring.io/snapshot/org/springframework/boot/spring-boot-starter-test/4.0.0-SNAPSHOT/spring-boot-starter-test-4.0.0-20251028.172321-711-sources.jar
2025-10-28 19:32:02,729 [Worker-19: Download sources and javadoc] INFO  o.e.m.j.internal.DownloadSourcesJob - Downloaded sources for org.springframework.boot:spring-boot-starter-test:4.0.0-SNAPSHOT
2025-10-28 19:32:03,384 [Worker-19: Download sources and javadoc] INFO  o.e.m.c.i.e.AbstractTransferListenerAdapter - Downloading https://repo.spring.io/snapshot/org/springframework/boot/spring-boot-test/4.0.0-SNAPSHOT/spring-boot-test-4.0.0-20251028.172321-711-sources.jar
2025-10-28 19:32:03,870 [Worker-19: Download sources and javadoc] INFO  o.e.m.c.i.e.AbstractTransferListenerAdapter - Downloaded https://repo.spring.io/snapshot/org/springframework/boot/spring-boot-test/4.0.0-SNAPSHOT/spring-boot-test-4.0.0-20251028.172321-711-sources.jar
2025-10-28 19:32:03,883 [Worker-19: Download sources and javadoc] INFO  o.e.m.j.internal.DownloadSourcesJob - Downloaded sources for org.springframework.boot:spring-boot-test:4.0.0-SNAPSHOT
2025-10-28 19:32:04,547 [Worker-19: Download sources and javadoc] INFO  o.e.m.c.i.e.AbstractTransferListenerAdapter - Downloading https://repo.spring.io/snapshot/org/springframework/boot/spring-boot-test-autoconfigure/4.0.0-SNAPSHOT/spring-boot-test-autoconfigure-4.0.0-20251028.172321-711-sources.jar
2025-10-28 19:32:04,719 [Worker-19: Download sources and javadoc] INFO  o.e.m.c.i.e.AbstractTransferListenerAdapter - Downloaded https://repo.spring.io/snapshot/org/springframework/boot/spring-boot-test-autoconfigure/4.0.0-SNAPSHOT/spring-boot-test-autoconfigure-4.0.0-20251028.172321-711-sources.jar
2025-10-28 19:32:04,729 [Worker-19: Download sources and javadoc] INFO  o.e.m.j.internal.DownloadSourcesJob - Downloaded sources for org.springframework.boot:spring-boot-test-autoconfigure:4.0.0-SNAPSHOT
2025-10-28 19:32:06,088 [Worker-19: Download sources and javadoc] INFO  o.e.m.c.i.e.AbstractTransferListenerAdapter - Downloading https://repo.spring.io/snapshot/org/springframework/spring-test/7.0.0-SNAPSHOT/spring-test-7.0.0-20251028.200254-1037-sources.jar
2025-10-28 19:32:07,084 [Worker-19: Download sources and javadoc] INFO  o.e.m.c.i.e.AbstractTransferListenerAdapter - Downloaded https://repo.spring.io/snapshot/org/springframework/spring-test/7.0.0-SNAPSHOT/spring-test-7.0.0-20251028.200254-1037-sources.jar
2025-10-28 19:32:07,098 [Worker-19: Download sources and javadoc] INFO  o.e.m.j.internal.DownloadSourcesJob - Downloaded sources for org.springframework:spring-test:7.0.0-SNAPSHOT
2025-10-28 19:32:07,773 [Worker-19: Download sources and javadoc] INFO  o.e.m.c.i.e.AbstractTransferListenerAdapter - Downloading https://repo.spring.io/snapshot/org/springframework/boot/spring-boot-starter-jdbc-test/4.0.0-SNAPSHOT/spring-boot-starter-jdbc-test-4.0.0-20251028.172321-144-sources.jar
2025-10-28 19:32:07,787 [Worker-19: Download sources and javadoc] INFO  o.e.m.c.i.e.AbstractTransferListenerAdapter - Downloaded https://repo.spring.io/snapshot/org/springframework/boot/spring-boot-starter-jdbc-test/4.0.0-SNAPSHOT/spring-boot-starter-jdbc-test-4.0.0-20251028.172321-144-sources.jar
2025-10-28 19:32:07,797 [Worker-19: Download sources and javadoc] INFO  o.e.m.j.internal.DownloadSourcesJob - Downloaded sources for org.springframework.boot:spring-boot-starter-jdbc-test:4.0.0-SNAPSHOT
2025-10-28 19:32:08,289 [Worker-19: Download sources and javadoc] INFO  o.e.m.c.i.e.AbstractTransferListenerAdapter - Downloading https://repo.spring.io/snapshot/org/springframework/boot/spring-boot-jdbc-test/4.0.0-SNAPSHOT/spring-boot-jdbc-test-4.0.0-20251028.172321-167-sources.jar
2025-10-28 19:32:08,461 [Worker-19: Download sources and javadoc] INFO  o.e.m.c.i.e.AbstractTransferListenerAdapter - Downloaded https://repo.spring.io/snapshot/org/springframework/boot/spring-boot-jdbc-test/4.0.0-SNAPSHOT/spring-boot-jdbc-test-4.0.0-20251028.172321-167-sources.jar
2025-10-28 19:32:08,472 [Worker-19: Download sources and javadoc] INFO  o.e.m.j.internal.DownloadSourcesJob - Downloaded sources for org.springframework.boot:spring-boot-jdbc-test:4.0.0-SNAPSHOT
2025-10-28 19:32:09,135 [Worker-19: Download sources and javadoc] INFO  o.e.m.c.i.e.AbstractTransferListenerAdapter - Downloading https://repo.spring.io/snapshot/org/springframework/boot/spring-boot-data-jpa-test/4.0.0-SNAPSHOT/spring-boot-data-jpa-test-4.0.0-20251028.172321-167-sources.jar
2025-10-28 19:32:09,305 [Worker-19: Download sources and javadoc] INFO  o.e.m.c.i.e.AbstractTransferListenerAdapter - Downloaded https://repo.spring.io/snapshot/org/springframework/boot/spring-boot-data-jpa-test/4.0.0-SNAPSHOT/spring-boot-data-jpa-test-4.0.0-20251028.172321-167-sources.jar
2025-10-28 19:32:09,317 [Worker-19: Download sources and javadoc] INFO  o.e.m.j.internal.DownloadSourcesJob - Downloaded sources for org.springframework.boot:spring-boot-data-jpa-test:4.0.0-SNAPSHOT
2025-10-28 19:32:09,972 [Worker-19: Download sources and javadoc] INFO  o.e.m.c.i.e.AbstractTransferListenerAdapter - Downloading https://repo.spring.io/snapshot/org/springframework/boot/spring-boot-jpa-test/4.0.0-SNAPSHOT/spring-boot-jpa-test-4.0.0-20251028.172321-167-sources.jar
2025-10-28 19:32:10,140 [Worker-19: Download sources and javadoc] INFO  o.e.m.c.i.e.AbstractTransferListenerAdapter - Downloaded https://repo.spring.io/snapshot/org/springframework/boot/spring-boot-jpa-test/4.0.0-SNAPSHOT/spring-boot-jpa-test-4.0.0-20251028.172321-167-sources.jar
2025-10-28 19:32:10,149 [Worker-19: Download sources and javadoc] INFO  o.e.m.j.internal.DownloadSourcesJob - Downloaded sources for org.springframework.boot:spring-boot-jpa-test:4.0.0-SNAPSHOT
2025-10-28 19:32:10,807 [Worker-19: Download sources and javadoc] INFO  o.e.m.c.i.e.AbstractTransferListenerAdapter - Downloading https://repo.spring.io/snapshot/org/springframework/boot/spring-boot-starter-validation-test/4.0.0-SNAPSHOT/spring-boot-starter-validation-test-4.0.0-20251028.172321-144-sources.jar
2025-10-28 19:32:10,824 [Worker-19: Download sources and javadoc] INFO  o.e.m.c.i.e.AbstractTransferListenerAdapter - Downloaded https://repo.spring.io/snapshot/org/springframework/boot/spring-boot-starter-validation-test/4.0.0-SNAPSHOT/spring-boot-starter-validation-test-4.0.0-20251028.172321-144-sources.jar
2025-10-28 19:32:10,835 [Worker-19: Download sources and javadoc] INFO  o.e.m.j.internal.DownloadSourcesJob - Downloaded sources for org.springframework.boot:spring-boot-starter-validation-test:4.0.0-SNAPSHOT
2025-10-28 19:32:11,332 [Worker-19: Download sources and javadoc] INFO  o.e.m.c.i.e.AbstractTransferListenerAdapter - Downloading https://repo.spring.io/snapshot/org/springframework/boot/spring-boot-starter-webmvc-test/4.0.0-SNAPSHOT/spring-boot-starter-webmvc-test-4.0.0-20251028.172321-144-sources.jar
2025-10-28 19:32:11,350 [Worker-19: Download sources and javadoc] INFO  o.e.m.c.i.e.AbstractTransferListenerAdapter - Downloaded https://repo.spring.io/snapshot/org/springframework/boot/spring-boot-starter-webmvc-test/4.0.0-SNAPSHOT/spring-boot-starter-webmvc-test-4.0.0-20251028.172321-144-sources.jar
2025-10-28 19:32:11,360 [Worker-19: Download sources and javadoc] INFO  o.e.m.j.internal.DownloadSourcesJob - Downloaded sources for org.springframework.boot:spring-boot-starter-webmvc-test:4.0.0-SNAPSHOT
2025-10-28 19:32:12,021 [Worker-19: Download sources and javadoc] INFO  o.e.m.c.i.e.AbstractTransferListenerAdapter - Downloading https://repo.spring.io/snapshot/org/springframework/boot/spring-boot-starter-jackson-test/4.0.0-SNAPSHOT/spring-boot-starter-jackson-test-4.0.0-20251028.172321-144-sources.jar
2025-10-28 19:32:12,027 [Worker-19: Download sources and javadoc] INFO  o.e.m.c.i.e.AbstractTransferListenerAdapter - Downloaded https://repo.spring.io/snapshot/org/springframework/boot/spring-boot-starter-jackson-test/4.0.0-SNAPSHOT/spring-boot-starter-jackson-test-4.0.0-20251028.172321-144-sources.jar
2025-10-28 19:32:12,035 [Worker-19: Download sources and javadoc] INFO  o.e.m.j.internal.DownloadSourcesJob - Downloaded sources for org.springframework.boot:spring-boot-starter-jackson-test:4.0.0-SNAPSHOT
2025-10-28 19:32:12,700 [Worker-19: Download sources and javadoc] INFO  o.e.m.c.i.e.AbstractTransferListenerAdapter - Downloading https://repo.spring.io/snapshot/org/springframework/boot/spring-boot-webmvc-test/4.0.0-SNAPSHOT/spring-boot-webmvc-test-4.0.0-20251028.172321-167-sources.jar
2025-10-28 19:32:13,014 [Worker-19: Download sources and javadoc] INFO  o.e.m.c.i.e.AbstractTransferListenerAdapter - Downloaded https://repo.spring.io/snapshot/org/springframework/boot/spring-boot-webmvc-test/4.0.0-SNAPSHOT/spring-boot-webmvc-test-4.0.0-20251028.172321-167-sources.jar
2025-10-28 19:32:13,018 [Worker-19: Download sources and javadoc] INFO  o.e.m.j.internal.DownloadSourcesJob - Downloaded sources for org.springframework.boot:spring-boot-webmvc-test:4.0.0-SNAPSHOT
2025-10-28 19:32:13,515 [Worker-19: Download sources and javadoc] INFO  o.e.m.c.i.e.AbstractTransferListenerAdapter - Downloading https://repo.spring.io/snapshot/org/springframework/boot/spring-boot-web-server/4.0.0-SNAPSHOT/spring-boot-web-server-4.0.0-20251028.172321-468-sources.jar
2025-10-28 19:32:13,992 [Worker-19: Download sources and javadoc] INFO  o.e.m.c.i.e.AbstractTransferListenerAdapter - Downloaded https://repo.spring.io/snapshot/org/springframework/boot/spring-boot-web-server/4.0.0-SNAPSHOT/spring-boot-web-server-4.0.0-20251028.172321-468-sources.jar
2025-10-28 19:32:13,997 [Worker-19: Download sources and javadoc] INFO  o.e.m.j.internal.DownloadSourcesJob - Downloaded sources for org.springframework.boot:spring-boot-web-server:4.0.0-SNAPSHOT
2025-10-28 19:32:14,662 [Worker-19: Download sources and javadoc] INFO  o.e.m.c.i.e.AbstractTransferListenerAdapter - Downloading https://repo.spring.io/snapshot/org/springframework/boot/spring-boot-resttestclient/4.0.0-SNAPSHOT/spring-boot-resttestclient-4.0.0-20251028.172321-106-sources.jar
2025-10-28 19:32:14,829 [Worker-19: Download sources and javadoc] INFO  o.e.m.c.i.e.AbstractTransferListenerAdapter - Downloaded https://repo.spring.io/snapshot/org/springframework/boot/spring-boot-resttestclient/4.0.0-SNAPSHOT/spring-boot-resttestclient-4.0.0-20251028.172321-106-sources.jar
2025-10-28 19:32:14,835 [Worker-19: Download sources and javadoc] INFO  o.e.m.j.internal.DownloadSourcesJob - Downloaded sources for org.springframework.boot:spring-boot-resttestclient:4.0.0-SNAPSHOT
2025-10-28 19:32:15,490 [Worker-19: Download sources and javadoc] INFO  o.e.m.c.i.e.AbstractTransferListenerAdapter - Downloading https://repo.spring.io/snapshot/org/springframework/boot/spring-boot-restclient/4.0.0-SNAPSHOT/spring-boot-restclient-4.0.0-20251028.172321-453-sources.jar
2025-10-28 19:32:15,816 [Worker-19: Download sources and javadoc] INFO  o.e.m.c.i.e.AbstractTransferListenerAdapter - Downloaded https://repo.spring.io/snapshot/org/springframework/boot/spring-boot-restclient/4.0.0-SNAPSHOT/spring-boot-restclient-4.0.0-20251028.172321-453-sources.jar
2025-10-28 19:32:15,826 [Worker-19: Download sources and javadoc] INFO  o.e.m.j.internal.DownloadSourcesJob - Downloaded sources for org.springframework.boot:spring-boot-restclient:4.0.0-SNAPSHOT
2025-10-28 19:32:16,477 [Worker-19: Download sources and javadoc] INFO  o.e.m.c.i.e.AbstractTransferListenerAdapter - Downloading https://repo.spring.io/snapshot/org/springframework/boot/spring-boot-http-client/4.0.0-SNAPSHOT/spring-boot-http-client-4.0.0-20251028.172321-463-sources.jar
2025-10-28 19:32:16,803 [Worker-19: Download sources and javadoc] INFO  o.e.m.c.i.e.AbstractTransferListenerAdapter - Downloaded https://repo.spring.io/snapshot/org/springframework/boot/spring-boot-http-client/4.0.0-SNAPSHOT/spring-boot-http-client-4.0.0-20251028.172321-463-sources.jar
2025-10-28 19:32:16,822 [Worker-19: Download sources and javadoc] INFO  o.e.m.j.internal.DownloadSourcesJob - Downloaded sources for org.springframework.boot:spring-boot-http-client:4.0.0-SNAPSHOT
2025-10-28 19:33:38,025 [Worker-19: Building] INFO  o.a.m.s.f.DefaultMavenResourcesFiltering - Copying 1 resource from src\main\resources to target\classes
2025-10-28 19:33:38,038 [Worker-19: Building] INFO  o.a.m.s.f.DefaultMavenResourcesFiltering - Copying 0 resource from src\main\resources to target\classes
2025-10-28 19:33:38,047 [Worker-19: Building] INFO  o.a.m.s.f.DefaultMavenResourcesFiltering - skip non existing resourceDirectory C:\Users\Nathan\Desktop\backend\src\test\resources
2025-10-28 19:35:37,418 [Worker-22: Building] INFO  o.a.m.s.f.DefaultMavenResourcesFiltering - Copying 1 resource from src\main\resources to target\classes
2025-10-28 19:35:37,427 [Worker-22: Building] INFO  o.a.m.s.f.DefaultMavenResourcesFiltering - Copying 0 resource from src\main\resources to target\classes
2025-10-28 19:35:37,431 [Worker-22: Building] INFO  o.a.m.s.f.DefaultMavenResourcesFiltering - skip non existing resourceDirectory C:\Users\Nathan\Desktop\backend\src\test\resources
2025-10-28 19:37:13,388 [Worker-22: Building] INFO  o.a.m.s.f.DefaultMavenResourcesFiltering - Copying 1 resource from src\main\resources to target\classes
2025-10-28 19:37:13,396 [Worker-22: Building] INFO  o.a.m.s.f.DefaultMavenResourcesFiltering - Copying 0 resource from src\main\resources to target\classes
2025-10-28 19:37:13,399 [Worker-22: Building] INFO  o.a.m.s.f.DefaultMavenResourcesFiltering - skip non existing resourceDirectory C:\Users\Nathan\Desktop\backend\src\test\resources
2025-10-28 19:38:14,526 [Worker-25: Building] INFO  o.a.m.s.f.DefaultMavenResourcesFiltering - Copying 1 resource from src\main\resources to target\classes
2025-10-28 19:38:14,533 [Worker-25: Building] INFO  o.a.m.s.f.DefaultMavenResourcesFiltering - Copying 0 resource from src\main\resources to target\classes
2025-10-28 19:38:14,536 [Worker-25: Building] INFO  o.a.m.s.f.DefaultMavenResourcesFiltering - skip non existing resourceDirectory C:\Users\Nathan\Desktop\backend\src\test\resources
2025-10-28 19:39:01,224 [Worker-18: Building] INFO  o.a.m.s.f.DefaultMavenResourcesFiltering - Copying 1 resource from src\main\resources to target\classes
2025-10-28 19:39:01,230 [Worker-18: Building] INFO  o.a.m.s.f.DefaultMavenResourcesFiltering - Copying 0 resource from src\main\resources to target\classes
2025-10-28 19:39:01,233 [Worker-18: Building] INFO  o.a.m.s.f.DefaultMavenResourcesFiltering - skip non existing resourceDirectory C:\Users\Nathan\Desktop\backend\src\test\resources
2025-10-28 19:45:03,275 [Worker-13: Building] INFO  o.a.m.s.f.DefaultMavenResourcesFiltering - Copying 1 resource from src\main\resources to target\classes
2025-10-28 19:45:03,284 [Worker-13: Building] INFO  o.a.m.s.f.DefaultMavenResourcesFiltering - Copying 0 resource from src\main\resources to target\classes
2025-10-28 19:45:03,289 [Worker-13: Building] INFO  o.a.m.s.f.DefaultMavenResourcesFiltering - skip non existing resourceDirectory C:\Users\Nathan\Desktop\backend\src\test\resources
2025-10-28 19:47:01,083 [Worker-18: Building] INFO  o.a.m.s.f.DefaultMavenResourcesFiltering - Copying 1 resource from src\main\resources to target\classes
2025-10-28 19:47:01,090 [Worker-18: Building] INFO  o.a.m.s.f.DefaultMavenResourcesFiltering - Copying 0 resource from src\main\resources to target\classes
2025-10-28 19:47:01,093 [Worker-18: Building] INFO  o.a.m.s.f.DefaultMavenResourcesFiltering - skip non existing resourceDirectory C:\Users\Nathan\Desktop\backend\src\test\resources
2025-10-28 19:55:54,856 [Worker-22: Building] INFO  o.a.m.s.f.DefaultMavenResourcesFiltering - Copying 1 resource from src\main\resources to target\classes
2025-10-28 19:55:54,872 [Worker-22: Building] INFO  o.a.m.s.f.DefaultMavenResourcesFiltering - Copying 0 resource from src\main\resources to target\classes
2025-10-28 19:55:54,878 [Worker-22: Building] INFO  o.a.m.s.f.DefaultMavenResourcesFiltering - skip non existing resourceDirectory C:\Users\Nathan\Desktop\backend\src\test\resources
2025-10-28 20:02:57,861 [Worker-24: Building] INFO  o.a.m.s.f.DefaultMavenResourcesFiltering - Copying 1 resource from src\main\resources to target\classes
2025-10-28 20:02:57,875 [Worker-24: Building] INFO  o.a.m.s.f.DefaultMavenResourcesFiltering - Copying 0 resource from src\main\resources to target\classes
2025-10-28 20:02:57,878 [Worker-24: Building] INFO  o.a.m.s.f.DefaultMavenResourcesFiltering - skip non existing resourceDirectory C:\Users\Nathan\Desktop\backend\src\test\resources
2025-10-28 20:08:39,682 [Worker-18: Building] INFO  o.a.m.s.f.DefaultMavenResourcesFiltering - Copying 1 resource from src\main\resources to target\classes
2025-10-28 20:08:39,708 [Worker-18: Building] INFO  o.a.m.s.f.DefaultMavenResourcesFiltering - Copying 0 resource from src\main\resources to target\classes
2025-10-28 20:08:39,713 [Worker-18: Building] INFO  o.a.m.s.f.DefaultMavenResourcesFiltering - skip non existing resourceDirectory C:\Users\Nathan\Desktop\backend\src\test\resources
2025-10-28 20:10:17,300 [Worker-24: Building] INFO  o.a.m.s.f.DefaultMavenResourcesFiltering - Copying 1 resource from src\main\resources to target\classes
2025-10-28 20:10:17,316 [Worker-24: Building] INFO  o.a.m.s.f.DefaultMavenResourcesFiltering - Copying 0 resource from src\main\resources to target\classes
2025-10-28 20:10:17,319 [Worker-24: Building] INFO  o.a.m.s.f.DefaultMavenResourcesFiltering - skip non existing resourceDirectory C:\Users\Nathan\Desktop\backend\src\test\resources
2025-10-28 20:10:28,725 [Worker-18: Building] INFO  o.a.m.s.f.DefaultMavenResourcesFiltering - Copying 1 resource from src\main\resources to target\classes
2025-10-28 20:10:28,741 [Worker-18: Building] INFO  o.a.m.s.f.DefaultMavenResourcesFiltering - Copying 0 resource from src\main\resources to target\classes
2025-10-28 20:10:28,744 [Worker-18: Building] INFO  o.a.m.s.f.DefaultMavenResourcesFiltering - skip non existing resourceDirectory C:\Users\Nathan\Desktop\backend\src\test\resources
2025-10-28 20:12:12,757 [Worker-18: Building] INFO  o.a.m.s.f.DefaultMavenResourcesFiltering - Copying 1 resource from src\main\resources to target\classes
2025-10-28 20:12:12,773 [Worker-18: Building] INFO  o.a.m.s.f.DefaultMavenResourcesFiltering - Copying 0 resource from src\main\resources to target\classes
2025-10-28 20:12:12,776 [Worker-18: Building] INFO  o.a.m.s.f.DefaultMavenResourcesFiltering - skip non existing resourceDirectory C:\Users\Nathan\Desktop\backend\src\test\resources
2025-10-28 20:12:20,931 [Worker-22: Building] INFO  o.a.m.s.f.DefaultMavenResourcesFiltering - Copying 1 resource from src\main\resources to target\classes
2025-10-28 20:12:20,976 [Worker-22: Building] INFO  o.a.m.s.f.DefaultMavenResourcesFiltering - Copying 0 resource from src\main\resources to target\classes
2025-10-28 20:12:20,980 [Worker-22: Building] INFO  o.a.m.s.f.DefaultMavenResourcesFiltering - skip non existing resourceDirectory C:\Users\Nathan\Desktop\backend\src\test\resources
2025-10-28 20:12:25,981 [Worker-22: Building] INFO  o.a.m.s.f.DefaultMavenResourcesFiltering - Copying 1 resource from src\main\resources to target\classes
2025-10-28 20:12:25,994 [Worker-22: Building] INFO  o.a.m.s.f.DefaultMavenResourcesFiltering - Copying 0 resource from src\main\resources to target\classes
2025-10-28 20:12:25,997 [Worker-22: Building] INFO  o.a.m.s.f.DefaultMavenResourcesFiltering - skip non existing resourceDirectory C:\Users\Nathan\Desktop\backend\src\test\resources
2025-10-28 20:12:40,402 [Worker-13: Building] INFO  o.a.m.s.f.DefaultMavenResourcesFiltering - Copying 1 resource from src\main\resources to target\classes
2025-10-28 20:12:40,409 [Worker-13: Building] INFO  o.a.m.s.f.DefaultMavenResourcesFiltering - Copying 0 resource from src\main\resources to target\classes
2025-10-28 20:12:40,411 [Worker-13: Building] INFO  o.a.m.s.f.DefaultMavenResourcesFiltering - skip non existing resourceDirectory C:\Users\Nathan\Desktop\backend\src\test\resources
2025-10-28 20:13:29,816 [Worker-24: Building] INFO  o.a.m.s.f.DefaultMavenResourcesFiltering - Copying 1 resource from src\main\resources to target\classes
2025-10-28 20:13:29,823 [Worker-24: Building] INFO  o.a.m.s.f.DefaultMavenResourcesFiltering - Copying 0 resource from src\main\resources to target\classes
2025-10-28 20:13:29,826 [Worker-24: Building] INFO  o.a.m.s.f.DefaultMavenResourcesFiltering - skip non existing resourceDirectory C:\Users\Nathan\Desktop\backend\src\test\resources
2025-10-28 20:16:51,169 [Worker-24: Building] INFO  o.a.m.s.f.DefaultMavenResourcesFiltering - Copying 1 resource from src\main\resources to target\classes
2025-10-28 20:16:51,305 [Worker-24: Building] INFO  o.a.m.s.f.DefaultMavenResourcesFiltering - Copying 0 resource from src\main\resources to target\classes
2025-10-28 20:16:51,308 [Worker-24: Building] INFO  o.a.m.s.f.DefaultMavenResourcesFiltering - skip non existing resourceDirectory C:\Users\Nathan\Desktop\backend\src\test\resources
2025-10-28 20:17:35,656 [Worker-24: Building] INFO  o.a.m.s.f.DefaultMavenResourcesFiltering - Copying 1 resource from src\main\resources to target\classes
2025-10-28 20:17:35,736 [Worker-24: Building] INFO  o.a.m.s.f.DefaultMavenResourcesFiltering - Copying 0 resource from src\main\resources to target\classes
2025-10-28 20:17:35,739 [Worker-24: Building] INFO  o.a.m.s.f.DefaultMavenResourcesFiltering - skip non existing resourceDirectory C:\Users\Nathan\Desktop\backend\src\test\resources
2025-10-28 20:17:48,101 [Worker-27: Building] INFO  o.a.m.s.f.DefaultMavenResourcesFiltering - Copying 1 resource from src\main\resources to target\classes
2025-10-28 20:17:48,125 [Worker-27: Building] INFO  o.a.m.s.f.DefaultMavenResourcesFiltering - Copying 0 resource from src\main\resources to target\classes
2025-10-28 20:17:48,127 [Worker-27: Building] INFO  o.a.m.s.f.DefaultMavenResourcesFiltering - skip non existing resourceDirectory C:\Users\Nathan\Desktop\backend\src\test\resources
2025-10-28 20:18:51,209 [Worker-27: Building] INFO  o.a.m.s.f.DefaultMavenResourcesFiltering - Copying 1 resource from src\main\resources to target\classes
2025-10-28 20:18:51,215 [Worker-27: Building] INFO  o.a.m.s.f.DefaultMavenResourcesFiltering - Copying 0 resource from src\main\resources to target\classes
2025-10-28 20:18:51,218 [Worker-27: Building] INFO  o.a.m.s.f.DefaultMavenResourcesFiltering - skip non existing resourceDirectory C:\Users\Nathan\Desktop\backend\src\test\resources
2025-10-28 20:25:43,741 [Worker-22: Building] INFO  o.a.m.s.f.DefaultMavenResourcesFiltering - Copying 1 resource from src\main\resources to target\classes
2025-10-28 20:25:43,827 [Worker-22: Building] INFO  o.a.m.s.f.DefaultMavenResourcesFiltering - Copying 0 resource from src\main\resources to target\classes
2025-10-28 20:25:43,829 [Worker-22: Building] INFO  o.a.m.s.f.DefaultMavenResourcesFiltering - skip non existing resourceDirectory C:\Users\Nathan\Desktop\backend\src\test\resources
2025-10-28 20:26:03,095 [Worker-18: Building] INFO  o.a.m.s.f.DefaultMavenResourcesFiltering - Copying 1 resource from src\main\resources to target\classes
2025-10-28 20:26:03,128 [Worker-18: Building] INFO  o.a.m.s.f.DefaultMavenResourcesFiltering - Copying 0 resource from src\main\resources to target\classes
2025-10-28 20:26:03,130 [Worker-18: Building] INFO  o.a.m.s.f.DefaultMavenResourcesFiltering - skip non existing resourceDirectory C:\Users\Nathan\Desktop\backend\src\test\resources
2025-10-28 20:26:10,284 [Worker-18: Building] INFO  o.a.m.s.f.DefaultMavenResourcesFiltering - Copying 1 resource from src\main\resources to target\classes
2025-10-28 20:26:10,311 [Worker-18: Building] INFO  o.a.m.s.f.DefaultMavenResourcesFiltering - Copying 0 resource from src\main\resources to target\classes
2025-10-28 20:26:10,314 [Worker-18: Building] INFO  o.a.m.s.f.DefaultMavenResourcesFiltering - skip non existing resourceDirectory C:\Users\Nathan\Desktop\backend\src\test\resources
2025-10-28 20:26:16,808 [Worker-24: Building] INFO  o.a.m.s.f.DefaultMavenResourcesFiltering - Copying 1 resource from src\main\resources to target\classes
2025-10-28 20:26:16,817 [Worker-24: Building] INFO  o.a.m.s.f.DefaultMavenResourcesFiltering - Copying 0 resource from src\main\resources to target\classes
2025-10-28 20:26:16,819 [Worker-24: Building] INFO  o.a.m.s.f.DefaultMavenResourcesFiltering - skip non existing resourceDirectory C:\Users\Nathan\Desktop\backend\src\test\resources
2025-10-28 20:27:23,775 [Worker-18: Building] INFO  o.a.m.s.f.DefaultMavenResourcesFiltering - Copying 1 resource from src\main\resources to target\classes
2025-10-28 20:27:23,780 [Worker-18: Building] INFO  o.a.m.s.f.DefaultMavenResourcesFiltering - Copying 0 resource from src\main\resources to target\classes
2025-10-28 20:27:23,784 [Worker-18: Building] INFO  o.a.m.s.f.DefaultMavenResourcesFiltering - skip non existing resourceDirectory C:\Users\Nathan\Desktop\backend\src\test\resources
2025-10-28 20:27:27,530 [Worker-18: Building] INFO  o.a.m.s.f.DefaultMavenResourcesFiltering - Copying 1 resource from src\main\resources to target\classes
2025-10-28 20:27:27,540 [Worker-18: Building] INFO  o.a.m.s.f.DefaultMavenResourcesFiltering - Copying 0 resource from src\main\resources to target\classes
2025-10-28 20:27:27,544 [Worker-18: Building] INFO  o.a.m.s.f.DefaultMavenResourcesFiltering - skip non existing resourceDirectory C:\Users\Nathan\Desktop\backend\src\test\resources
2025-10-28 20:27:33,391 [Worker-18: Building] INFO  o.a.m.s.f.DefaultMavenResourcesFiltering - Copying 1 resource from src\main\resources to target\classes
2025-10-28 20:27:33,395 [Worker-18: Building] INFO  o.a.m.s.f.DefaultMavenResourcesFiltering - Copying 0 resource from src\main\resources to target\classes
2025-10-28 20:27:33,398 [Worker-18: Building] INFO  o.a.m.s.f.DefaultMavenResourcesFiltering - skip non existing resourceDirectory C:\Users\Nathan\Desktop\backend\src\test\resources
2025-10-28 20:27:39,011 [Worker-24: Building] INFO  o.a.m.s.f.DefaultMavenResourcesFiltering - Copying 1 resource from src\main\resources to target\classes
2025-10-28 20:27:39,014 [Worker-24: Building] INFO  o.a.m.s.f.DefaultMavenResourcesFiltering - Copying 0 resource from src\main\resources to target\classes
2025-10-28 20:27:39,016 [Worker-24: Building] INFO  o.a.m.s.f.DefaultMavenResourcesFiltering - skip non existing resourceDirectory C:\Users\Nathan\Desktop\backend\src\test\resources
2025-10-28 20:28:12,317 [Worker-24: Building] INFO  o.a.m.s.f.DefaultMavenResourcesFiltering - Copying 1 resource from src\main\resources to target\classes
2025-10-28 20:28:12,321 [Worker-24: Building] INFO  o.a.m.s.f.DefaultMavenResourcesFiltering - Copying 0 resource from src\main\resources to target\classes
2025-10-28 20:28:12,324 [Worker-24: Building] INFO  o.a.m.s.f.DefaultMavenResourcesFiltering - skip non existing resourceDirectory C:\Users\Nathan\Desktop\backend\src\test\resources
2025-10-28 20:28:16,210 [Worker-22: Building] INFO  o.a.m.s.f.DefaultMavenResourcesFiltering - Copying 1 resource from src\main\resources to target\classes
2025-10-28 20:28:16,214 [Worker-22: Building] INFO  o.a.m.s.f.DefaultMavenResourcesFiltering - Copying 0 resource from src\main\resources to target\classes
2025-10-28 20:28:16,216 [Worker-22: Building] INFO  o.a.m.s.f.DefaultMavenResourcesFiltering - skip non existing resourceDirectory C:\Users\Nathan\Desktop\backend\src\test\resources
2025-10-28 20:28:27,180 [Worker-24: Building] INFO  o.a.m.s.f.DefaultMavenResourcesFiltering - Copying 1 resource from src\main\resources to target\classes
2025-10-28 20:28:27,190 [Worker-24: Building] INFO  o.a.m.s.f.DefaultMavenResourcesFiltering - Copying 0 resource from src\main\resources to target\classes
2025-10-28 20:28:27,192 [Worker-24: Building] INFO  o.a.m.s.f.DefaultMavenResourcesFiltering - skip non existing resourceDirectory C:\Users\Nathan\Desktop\backend\src\test\resources
2025-10-28 20:29:04,012 [Worker-27: Building] INFO  o.a.m.s.f.DefaultMavenResourcesFiltering - Copying 1 resource from src\main\resources to target\classes
2025-10-28 20:29:04,029 [Worker-27: Building] INFO  o.a.m.s.f.DefaultMavenResourcesFiltering - Copying 0 resource from src\main\resources to target\classes
2025-10-28 20:29:04,033 [Worker-27: Building] INFO  o.a.m.s.f.DefaultMavenResourcesFiltering - skip non existing resourceDirectory C:\Users\Nathan\Desktop\backend\src\test\resources
2025-10-28 20:29:06,695 [Worker-22: Building] INFO  o.a.m.s.f.DefaultMavenResourcesFiltering - Copying 1 resource from src\main\resources to target\classes
2025-10-28 20:29:06,702 [Worker-22: Building] INFO  o.a.m.s.f.DefaultMavenResourcesFiltering - Copying 0 resource from src\main\resources to target\classes
2025-10-28 20:29:06,704 [Worker-22: Building] INFO  o.a.m.s.f.DefaultMavenResourcesFiltering - skip non existing resourceDirectory C:\Users\Nathan\Desktop\backend\src\test\resources
2025-10-28 20:29:08,139 [Worker-18: Building] INFO  o.a.m.s.f.DefaultMavenResourcesFiltering - Copying 1 resource from src\main\resources to target\classes
2025-10-28 20:29:08,148 [Worker-18: Building] INFO  o.a.m.s.f.DefaultMavenResourcesFiltering - Copying 0 resource from src\main\resources to target\classes
2025-10-28 20:29:08,150 [Worker-18: Building] INFO  o.a.m.s.f.DefaultMavenResourcesFiltering - skip non existing resourceDirectory C:\Users\Nathan\Desktop\backend\src\test\resources
2025-10-28 20:29:30,336 [Worker-18: Building] INFO  o.a.m.s.f.DefaultMavenResourcesFiltering - Copying 1 resource from src\main\resources to target\classes
2025-10-28 20:29:30,340 [Worker-18: Building] INFO  o.a.m.s.f.DefaultMavenResourcesFiltering - Copying 0 resource from src\main\resources to target\classes
2025-10-28 20:29:30,343 [Worker-18: Building] INFO  o.a.m.s.f.DefaultMavenResourcesFiltering - skip non existing resourceDirectory C:\Users\Nathan\Desktop\backend\src\test\resources
2025-10-28 20:29:34,262 [Worker-18: Building] INFO  o.a.m.s.f.DefaultMavenResourcesFiltering - Copying 1 resource from src\main\resources to target\classes
2025-10-28 20:29:34,265 [Worker-18: Building] INFO  o.a.m.s.f.DefaultMavenResourcesFiltering - Copying 0 resource from src\main\resources to target\classes
2025-10-28 20:29:34,268 [Worker-18: Building] INFO  o.a.m.s.f.DefaultMavenResourcesFiltering - skip non existing resourceDirectory C:\Users\Nathan\Desktop\backend\src\test\resources
2025-10-28 20:29:50,456 [Worker-24: Building] INFO  o.a.m.s.f.DefaultMavenResourcesFiltering - Copying 1 resource from src\main\resources to target\classes
2025-10-28 20:29:50,461 [Worker-24: Building] INFO  o.a.m.s.f.DefaultMavenResourcesFiltering - Copying 0 resource from src\main\resources to target\classes
2025-10-28 20:29:50,464 [Worker-24: Building] INFO  o.a.m.s.f.DefaultMavenResourcesFiltering - skip non existing resourceDirectory C:\Users\Nathan\Desktop\backend\src\test\resources
2025-10-28 20:29:53,095 [Worker-27: Building] INFO  o.a.m.s.f.DefaultMavenResourcesFiltering - Copying 1 resource from src\main\resources to target\classes
2025-10-28 20:29:53,099 [Worker-27: Building] INFO  o.a.m.s.f.DefaultMavenResourcesFiltering - Copying 0 resource from src\main\resources to target\classes
2025-10-28 20:29:53,102 [Worker-27: Building] INFO  o.a.m.s.f.DefaultMavenResourcesFiltering - skip non existing resourceDirectory C:\Users\Nathan\Desktop\backend\src\test\resources
2025-10-28 20:29:54,487 [Worker-13: Building] INFO  o.a.m.s.f.DefaultMavenResourcesFiltering - Copying 1 resource from src\main\resources to target\classes
2025-10-28 20:29:54,490 [Worker-13: Building] INFO  o.a.m.s.f.DefaultMavenResourcesFiltering - Copying 0 resource from src\main\resources to target\classes
2025-10-28 20:29:54,493 [Worker-13: Building] INFO  o.a.m.s.f.DefaultMavenResourcesFiltering - skip non existing resourceDirectory C:\Users\Nathan\Desktop\backend\src\test\resources
2025-10-28 20:30:01,721 [Worker-13: Building] INFO  o.a.m.s.f.DefaultMavenResourcesFiltering - Copying 1 resource from src\main\resources to target\classes
2025-10-28 20:30:01,724 [Worker-13: Building] INFO  o.a.m.s.f.DefaultMavenResourcesFiltering - Copying 0 resource from src\main\resources to target\classes
2025-10-28 20:30:01,727 [Worker-13: Building] INFO  o.a.m.s.f.DefaultMavenResourcesFiltering - skip non existing resourceDirectory C:\Users\Nathan\Desktop\backend\src\test\resources
2025-10-28 20:32:30,318 [Worker-13: Updating Maven Dependencies] ERROR o.e.m.j.i.l.MavenLaunchConfigurationListener - Launch configuration Application references closed project backend
org.eclipse.core.runtime.CoreException: Launch configuration Application references closed project backend
	at org.eclipse.jdt.launching.JavaRuntime.abort(JavaRuntime.java:1871)
	at org.eclipse.jdt.launching.JavaRuntime.getJavaProject(JavaRuntime.java:1745)
	at org.eclipse.m2e.jdt.internal.launch.MavenLaunchConfigurationListener.updateLaunchConfiguration(MavenLaunchConfigurationListener.java:66)
	at org.eclipse.m2e.jdt.internal.launch.MavenLaunchConfigurationListener.launchConfigurationChanged(MavenLaunchConfigurationListener.java:52)
	at org.eclipse.debug.internal.core.LaunchManager$ConfigurationNotifier.run(LaunchManager.java:220)
	at org.eclipse.core.runtime.SafeRunner.run(SafeRunner.java:47)
	at org.eclipse.debug.internal.core.LaunchManager$ConfigurationNotifier.notify(LaunchManager.java:204)
	at org.eclipse.debug.internal.core.LaunchConfigurationWorkingCopy.setDirty(LaunchConfigurationWorkingCopy.java:527)
	at org.eclipse.debug.internal.core.LaunchConfigurationWorkingCopy.setAttribute(LaunchConfigurationWorkingCopy.java:415)
	at org.eclipse.m2e.jdt.internal.launch.MavenRuntimeClasspathProvider.disable(MavenRuntimeClasspathProvider.java:409)
	at org.eclipse.m2e.jdt.internal.launch.MavenRuntimeClasspathProvider.disable(MavenRuntimeClasspathProvider.java:435)
	at org.eclipse.m2e.jdt.internal.launch.MavenLaunchConfigurationListener.mavenProjectChanged(MavenLaunchConfigurationListener.java:137)
	at org.eclipse.m2e.core.internal.project.registry.ProjectRegistryManager.notifyProjectChangeListeners(ProjectRegistryManager.java:892)
	at org.eclipse.m2e.core.internal.project.registry.ProjectRegistryManager.applyMutableProjectRegistry(ProjectRegistryManager.java:1042)
	at org.eclipse.m2e.core.internal.project.registry.ProjectRegistryRefreshJob.lambda$0(ProjectRegistryRefreshJob.java:162)
	at org.eclipse.m2e.core.internal.embedder.MavenExecutionContext.executeBare(MavenExecutionContext.java:458)
	at org.eclipse.m2e.core.internal.embedder.MavenExecutionContext.execute(MavenExecutionContext.java:339)
	at org.eclipse.m2e.core.internal.embedder.MavenExecutionContext.execute(MavenExecutionContext.java:278)
	at org.eclipse.m2e.core.internal.project.registry.ProjectRegistryRefreshJob.run(ProjectRegistryRefreshJob.java:106)
	at org.eclipse.core.internal.jobs.Worker.run(Worker.java:63)
2025-10-28 20:32:30,345 [Worker-13: Updating Maven Dependencies] ERROR o.e.m.j.i.l.MavenLaunchConfigurationListener - Launch configuration Application references closed project backend
org.eclipse.core.runtime.CoreException: Launch configuration Application references closed project backend
	at org.eclipse.jdt.launching.JavaRuntime.abort(JavaRuntime.java:1871)
	at org.eclipse.jdt.launching.JavaRuntime.getJavaProject(JavaRuntime.java:1745)
	at org.eclipse.m2e.jdt.internal.launch.MavenLaunchConfigurationListener.updateLaunchConfiguration(MavenLaunchConfigurationListener.java:66)
	at org.eclipse.m2e.jdt.internal.launch.MavenLaunchConfigurationListener.launchConfigurationChanged(MavenLaunchConfigurationListener.java:52)
	at org.eclipse.debug.internal.core.LaunchManager$ConfigurationNotifier.run(LaunchManager.java:220)
	at org.eclipse.core.runtime.SafeRunner.run(SafeRunner.java:47)
	at org.eclipse.debug.internal.core.LaunchManager$ConfigurationNotifier.notify(LaunchManager.java:204)
	at org.eclipse.debug.internal.core.LaunchConfigurationWorkingCopy.setDirty(LaunchConfigurationWorkingCopy.java:527)
	at org.eclipse.debug.internal.core.LaunchConfigurationWorkingCopy.setAttribute(LaunchConfigurationWorkingCopy.java:415)
	at org.eclipse.m2e.jdt.internal.launch.MavenRuntimeClasspathProvider.disable(MavenRuntimeClasspathProvider.java:410)
	at org.eclipse.m2e.jdt.internal.launch.MavenRuntimeClasspathProvider.disable(MavenRuntimeClasspathProvider.java:435)
	at org.eclipse.m2e.jdt.internal.launch.MavenLaunchConfigurationListener.mavenProjectChanged(MavenLaunchConfigurationListener.java:137)
	at org.eclipse.m2e.core.internal.project.registry.ProjectRegistryManager.notifyProjectChangeListeners(ProjectRegistryManager.java:892)
	at org.eclipse.m2e.core.internal.project.registry.ProjectRegistryManager.applyMutableProjectRegistry(ProjectRegistryManager.java:1042)
	at org.eclipse.m2e.core.internal.project.registry.ProjectRegistryRefreshJob.lambda$0(ProjectRegistryRefreshJob.java:162)
	at org.eclipse.m2e.core.internal.embedder.MavenExecutionContext.executeBare(MavenExecutionContext.java:458)
	at org.eclipse.m2e.core.internal.embedder.MavenExecutionContext.execute(MavenExecutionContext.java:339)
	at org.eclipse.m2e.core.internal.embedder.MavenExecutionContext.execute(MavenExecutionContext.java:278)
	at org.eclipse.m2e.core.internal.project.registry.ProjectRegistryRefreshJob.run(ProjectRegistryRefreshJob.java:106)
	at org.eclipse.core.internal.jobs.Worker.run(Worker.java:63)
2025-10-28 20:32:30,350 [Worker-13: Updating Maven Dependencies] ERROR o.e.m.j.i.l.MavenLaunchConfigurationListener - Launch configuration Application references closed project backend
org.eclipse.core.runtime.CoreException: Launch configuration Application references closed project backend
	at org.eclipse.jdt.launching.JavaRuntime.abort(JavaRuntime.java:1871)
	at org.eclipse.jdt.launching.JavaRuntime.getJavaProject(JavaRuntime.java:1745)
	at org.eclipse.m2e.jdt.internal.launch.MavenLaunchConfigurationListener.updateLaunchConfiguration(MavenLaunchConfigurationListener.java:66)
	at org.eclipse.m2e.jdt.internal.launch.MavenLaunchConfigurationListener.launchConfigurationChanged(MavenLaunchConfigurationListener.java:52)
	at org.eclipse.debug.internal.core.LaunchManager$ConfigurationNotifier.run(LaunchManager.java:220)
	at org.eclipse.core.runtime.SafeRunner.run(SafeRunner.java:47)
	at org.eclipse.debug.internal.core.LaunchManager$ConfigurationNotifier.notify(LaunchManager.java:204)
	at org.eclipse.debug.internal.core.LaunchManager.launchConfigurationChanged(LaunchManager.java:2009)
	at org.eclipse.debug.internal.core.LaunchConfigurationWorkingCopy.writeNewFile(LaunchConfigurationWorkingCopy.java:380)
	at org.eclipse.debug.internal.core.LaunchConfigurationWorkingCopy.doSave0(LaunchConfigurationWorkingCopy.java:259)
	at org.eclipse.debug.internal.core.LaunchConfigurationWorkingCopy.doSave(LaunchConfigurationWorkingCopy.java:229)
	at org.eclipse.debug.internal.core.LaunchConfigurationWorkingCopy.doSave(LaunchConfigurationWorkingCopy.java:187)
	at org.eclipse.m2e.jdt.internal.launch.MavenRuntimeClasspathProvider.disable(MavenRuntimeClasspathProvider.java:411)
	at org.eclipse.m2e.jdt.internal.launch.MavenRuntimeClasspathProvider.disable(MavenRuntimeClasspathProvider.java:435)
	at org.eclipse.m2e.jdt.internal.launch.MavenLaunchConfigurationListener.mavenProjectChanged(MavenLaunchConfigurationListener.java:137)
	at org.eclipse.m2e.core.internal.project.registry.ProjectRegistryManager.notifyProjectChangeListeners(ProjectRegistryManager.java:892)
	at org.eclipse.m2e.core.internal.project.registry.ProjectRegistryManager.applyMutableProjectRegistry(ProjectRegistryManager.java:1042)
	at org.eclipse.m2e.core.internal.project.registry.ProjectRegistryRefreshJob.lambda$0(ProjectRegistryRefreshJob.java:162)
	at org.eclipse.m2e.core.internal.embedder.MavenExecutionContext.executeBare(MavenExecutionContext.java:458)
	at org.eclipse.m2e.core.internal.embedder.MavenExecutionContext.execute(MavenExecutionContext.java:339)
	at org.eclipse.m2e.core.internal.embedder.MavenExecutionContext.execute(MavenExecutionContext.java:278)
	at org.eclipse.m2e.core.internal.project.registry.ProjectRegistryRefreshJob.run(ProjectRegistryRefreshJob.java:106)
	at org.eclipse.core.internal.jobs.Worker.run(Worker.java:63)
